GEO.id,GEO.id2,GEO.display-label,VD01,VD02,VD03,VD04,VD05,VD06,VD07,VD08,VD09,VD10,VD11,VD12,VD13,VD14,VD15
Id,Id2,Geography,Total:,Native:,Native: - Born in state of residence,Native: - Born in other state in the United States:,Native: - Born in other state in the United States: - Northeast,Native: - Born in other state in the United States: - Midwest,Native: - Born in other state in the United States: - South,Native: - Born in other state in the United States: - West,Native: - Born outside the United States:,Native: - Born outside the United States: - Puerto Rico,Native: - Born outside the United States: - U.S. Island Areas,Native: - Born outside the United States: - Born abroad of American parent(s),Foreign born:,Foreign born: - Naturalized citizen,Foreign born: - Not a citizen
0500000US53033,53033,"King County, Washington",8270,5961,2152,2222,47,95,118,1962,1587,0,1432,155,2309,961,1348
1400000US53033000100,53033000100,"Census Tract 1, King County, Washington",100,92,14,50,0,0,17,33,28,0,28,0,8,8,0
1400000US53033000200,53033000200,"Census Tract 2, King County, Washington",7,0,0,0,0,0,0,0,0,0,0,0,7,0,7
1400000US53033000300,53033000300,"Census Tract 3, King County, Washington",0,0,0,0,0,0,0,0,0,0,0,0,0,0,0
1400000US53033000401,53033000401,"Census Tract 4.01, King County, Washington",11,11,0,11,0,0,0,11,0,0,0,0,0,0,0
1400000US53033000402,53033000402,"Census Tract 4.02, King County, Washington",0,0,0,0,0,0,0,0,0,0,0,0,0,0,0
1400000US53033000500,53033000500,"Census Tract 5, King County, Washington",0,0,0,0,0,0,0,0,0,0,0,0,0,0,0
1400000US53033000600,53033000600,"Census Tract 6, King County, Washington",7,7,0,7,0,0,0,7,0,0,0,0,0,0,0
1400000US53033000700,53033000700,"Census Tract 7, King County, Washington",6,6,0,6,0,0,0,6,0,0,0,0,0,0,0
1400000US53033000800,53033000800,"Census Tract 8, King County, Washington",0,0,0,0,0,0,0,0,0,0,0,0,0,0,0
1400000US53033000900,53033000900,"Census Tract 9, King County, Washington",0,0,0,0,0,0,0,0,0,0,0,0,0,0,0
1400000US53033001000,53033001000,"Census Tract 10, King County, Washington",0,0,0,0,0,0,0,0,0,0,0,0,0,0,0
1400000US53033001100,53033001100,"Census Tract 11, King County, Washington",26,26,10,0,0,0,0,0,16,0,16,0,0,0,0
1400000US53033001200,53033001200,"Census Tract 12, King County, Washington",0,0,0,0,0,0,0,0,0,0,0,0,0,0,0
1400000US53033001300,53033001300,"Census Tract 13, King County, Washington",20,20,0,20,0,0,0,20,0,0,0,0,0,0,0
1400000US53033001400,53033001400,"Census Tract 14, King County, Washington",45,45,0,33,0,0,0,33,12,0,0,12,0,0,0
1400000US53033001500,53033001500,"Census Tract 15, King County, Washington",0,0,0,0,0,0,0,0,0,0,0,0,0,0,0
1400000US53033001600,53033001600,"Census Tract 16, King County, Washington",0,0,0,0,0,0,0,0,0,0,0,0,0,0,0
1400000US53033001700,53033001700,"Census Tract 17, King County, Washington",12,0,0,0,0,0,0,0,0,0,0,0,12,0,12
1400000US53033001800,53033001800,"Census Tract 18, King County, Washington",13,13,0,4,0,0,0,4,9,0,9,0,0,0,0
1400000US53033001900,53033001900,"Census Tract 19, King County, Washington",8,8,0,8,0,8,0,0,0,0,0,0,0,0,0
1400000US53033002000,53033002000,"Census Tract 20, King County, Washington",9,9,0,9,0,0,0,9,0,0,0,0,0,0,0
1400000US53033002100,53033002100,"Census Tract 21, King County, Washington",0,0,0,0,0,0,0,0,0,0,0,0,0,0,0
1400000US53033002200,53033002200,"Census Tract 22, King County, Washington",0,0,0,0,0,0,0,0,0,0,0,0,0,0,0
1400000US53033002400,53033002400,"Census Tract 24, King County, Washington",0,0,0,0,0,0,0,0,0,0,0,0,0,0,0
1400000US53033002500,53033002500,"Census Tract 25, King County, Washington",23,23,0,15,0,0,0,15,8,0,0,8,0,0,0
1400000US53033002600,53033002600,"Census Tract 26, King County, Washington",44,44,23,14,0,0,0,14,7,0,7,0,0,0,0
1400000US53033002700,53033002700,"Census Tract 27, King County, Washington",0,0,0,0,0,0,0,0,0,0,0,0,0,0,0
1400000US53033002800,53033002800,"Census Tract 28, King County, Washington",0,0,0,0,0,0,0,0,0,0,0,0,0,0,0
1400000US53033002900,53033002900,"Census Tract 29, King County, Washington",0,0,0,0,0,0,0,0,0,0,0,0,0,0,0
1400000US53033003000,53033003000,"Census Tract 30, King County, Washington",37,37,0,19,0,0,0,19,18,0,18,0,0,0,0
1400000US53033003100,53033003100,"Census Tract 31, King County, Washington",19,14,6,0,0,0,0,0,8,0,0,8,5,0,5
1400000US53033003200,53033003200,"Census Tract 32, King County, Washington",0,0,0,0,0,0,0,0,0,0,0,0,0,0,0
1400000US53033003300,53033003300,"Census Tract 33, King County, Washington",0,0,0,0,0,0,0,0,0,0,0,0,0,0,0
1400000US53033003400,53033003400,"Census Tract 34, King County, Washington",0,0,0,0,0,0,0,0,0,0,0,0,0,0,0
1400000US53033003500,53033003500,"Census Tract 35, King County, Washington",0,0,0,0,0,0,0,0,0,0,0,0,0,0,0
1400000US53033003600,53033003600,"Census Tract 36, King County, Washington",0,0,0,0,0,0,0,0,0,0,0,0,0,0,0
1400000US53033003800,53033003800,"Census Tract 38, King County, Washington",0,0,0,0,0,0,0,0,0,0,0,0,0,0,0
1400000US53033003900,53033003900,"Census Tract 39, King County, Washington",0,0,0,0,0,0,0,0,0,0,0,0,0,0,0
1400000US53033004000,53033004000,"Census Tract 40, King County, Washington",0,0,0,0,0,0,0,0,0,0,0,0,0,0,0
1400000US53033004100,53033004100,"Census Tract 41, King County, Washington",0,0,0,0,0,0,0,0,0,0,0,0,0,0,0
1400000US53033004200,53033004200,"Census Tract 42, King County, Washington",73,73,54,0,0,0,0,0,19,0,19,0,0,0,0
1400000US53033004300,53033004300,"Census Tract 43, King County, Washington",0,0,0,0,0,0,0,0,0,0,0,0,0,0,0
1400000US53033004400,53033004400,"Census Tract 44, King County, Washington",0,0,0,0,0,0,0,0,0,0,0,0,0,0,0
1400000US53033004500,53033004500,"Census Tract 45, King County, Washington",21,21,0,21,0,0,0,21,0,0,0,0,0,0,0
1400000US53033004600,53033004600,"Census Tract 46, King County, Washington",19,13,0,13,0,0,0,13,0,0,0,0,6,6,0
1400000US53033004700,53033004700,"Census Tract 47, King County, Washington",0,0,0,0,0,0,0,0,0,0,0,0,0,0,0
1400000US53033004800,53033004800,"Census Tract 48, King County, Washington",0,0,0,0,0,0,0,0,0,0,0,0,0,0,0
1400000US53033004900,53033004900,"Census Tract 49, King County, Washington",8,8,8,0,0,0,0,0,0,0,0,0,0,0,0
1400000US53033005000,53033005000,"Census Tract 50, King County, Washington",26,19,12,7,0,7,0,0,0,0,0,0,7,0,7
1400000US53033005100,53033005100,"Census Tract 51, King County, Washington",0,0,0,0,0,0,0,0,0,0,0,0,0,0,0
1400000US53033005200,53033005200,"Census Tract 52, King County, Washington",75,67,11,35,13,0,0,22,21,0,21,0,8,8,0
1400000US53033005301,53033005301,"Census Tract 53.01, King County, Washington",22,22,0,11,0,0,0,11,11,0,11,0,0,0,0
1400000US53033005302,53033005302,"Census Tract 53.02, King County, Washington",11,11,0,0,0,0,0,0,11,0,11,0,0,0,0
1400000US53033005400,53033005400,"Census Tract 54, King County, Washington",15,15,0,15,0,0,0,15,0,0,0,0,0,0,0
1400000US53033005600,53033005600,"Census Tract 56, King County, Washington",7,7,0,7,0,7,0,0,0,0,0,0,0,0,0
1400000US53033005700,53033005700,"Census Tract 57, King County, Washington",46,35,0,7,0,0,0,7,28,0,28,0,11,0,11
1400000US53033005801,53033005801,"Census Tract 58.01, King County, Washington",14,0,0,0,0,0,0,0,0,0,0,0,14,0,14
1400000US53033005802,53033005802,"Census Tract 58.02, King County, Washington",18,18,0,8,0,0,0,8,10,0,10,0,0,0,0
1400000US53033005900,53033005900,"Census Tract 59, King County, Washington",19,0,0,0,0,0,0,0,0,0,0,0,19,0,19
1400000US53033006000,53033006000,"Census Tract 60, King County, Washington",14,0,0,0,0,0,0,0,0,0,0,0,14,14,0
1400000US53033006100,53033006100,"Census Tract 61, King County, Washington",0,0,0,0,0,0,0,0,0,0,0,0,0,0,0
1400000US53033006200,53033006200,"Census Tract 62, King County, Washington",0,0,0,0,0,0,0,0,0,0,0,0,0,0,0
1400000US53033006300,53033006300,"Census Tract 63, King County, Washington",5,5,5,0,0,0,0,0,0,0,0,0,0,0,0
1400000US53033006400,53033006400,"Census Tract 64, King County, Washington",0,0,0,0,0,0,0,0,0,0,0,0,0,0,0
1400000US53033006500,53033006500,"Census Tract 65, King County, Washington",5,5,0,5,0,0,5,0,0,0,0,0,0,0,0
1400000US53033006600,53033006600,"Census Tract 66, King County, Washington",23,23,0,6,0,0,6,0,17,0,17,0,0,0,0
1400000US53033006700,53033006700,"Census Tract 67, King County, Washington",20,20,0,8,0,0,0,8,12,0,12,0,0,0,0
1400000US53033006800,53033006800,"Census Tract 68, King County, Washington",0,0,0,0,0,0,0,0,0,0,0,0,0,0,0
1400000US53033006900,53033006900,"Census Tract 69, King County, Washington",0,0,0,0,0,0,0,0,0,0,0,0,0,0,0
1400000US53033007000,53033007000,"Census Tract 70, King County, Washington",9,9,0,9,0,0,0,9,0,0,0,0,0,0,0
1400000US53033007100,53033007100,"Census Tract 71, King County, Washington",0,0,0,0,0,0,0,0,0,0,0,0,0,0,0
1400000US53033007200,53033007200,"Census Tract 72, King County, Washington",6,6,0,6,0,0,6,0,0,0,0,0,0,0,0
1400000US53033007300,53033007300,"Census Tract 73, King County, Washington",5,5,0,5,0,5,0,0,0,0,0,0,0,0,0
1400000US53033007400,53033007400,"Census Tract 74, King County, Washington",28,28,14,7,0,0,0,7,7,0,7,0,0,0,0
1400000US53033007500,53033007500,"Census Tract 75, King County, Washington",8,8,0,8,0,0,0,8,0,0,0,0,0,0,0
1400000US53033007600,53033007600,"Census Tract 76, King County, Washington",13,13,0,8,0,0,0,8,5,0,0,5,0,0,0
1400000US53033007700,53033007700,"Census Tract 77, King County, Washington",6,6,0,6,0,6,0,0,0,0,0,0,0,0,0
1400000US53033007800,53033007800,"Census Tract 78, King County, Washington",0,0,0,0,0,0,0,0,0,0,0,0,0,0,0
1400000US53033007900,53033007900,"Census Tract 79, King County, Washington",19,19,0,9,0,0,0,9,10,0,10,0,0,0,0
1400000US53033008001,53033008001,"Census Tract 80.01, King County, Washington",0,0,0,0,0,0,0,0,0,0,0,0,0,0,0
1400000US53033008002,53033008002,"Census Tract 80.02, King County, Washington",0,0,0,0,0,0,0,0,0,0,0,0,0,0,0
1400000US53033008100,53033008100,"Census Tract 81, King County, Washington",0,0,0,0,0,0,0,0,0,0,0,0,0,0,0
1400000US53033008200,53033008200,"Census Tract 82, King County, Washington",16,16,9,0,0,0,0,0,7,0,7,0,0,0,0
1400000US53033008300,53033008300,"Census Tract 83, King County, Washington",0,0,0,0,0,0,0,0,0,0,0,0,0,0,0
1400000US53033008400,53033008400,"Census Tract 84, King County, Washington",0,0,0,0,0,0,0,0,0,0,0,0,0,0,0
1400000US53033008500,53033008500,"Census Tract 85, King County, Washington",15,0,0,0,0,0,0,0,0,0,0,0,15,15,0
1400000US53033008600,53033008600,"Census Tract 86, King County, Washington",14,14,0,0,0,0,0,0,14,0,14,0,0,0,0
1400000US53033008700,53033008700,"Census Tract 87, King County, Washington",12,12,7,0,0,0,0,0,5,0,5,0,0,0,0
1400000US53033008800,53033008800,"Census Tract 88, King County, Washington",0,0,0,0,0,0,0,0,0,0,0,0,0,0,0
1400000US53033008900,53033008900,"Census Tract 89, King County, Washington",23,23,16,7,0,0,0,7,0,0,0,0,0,0,0
1400000US53033009000,53033009000,"Census Tract 90, King County, Washington",7,7,0,0,0,0,0,0,7,0,7,0,0,0,0
1400000US53033009100,53033009100,"Census Tract 91, King County, Washington",0,0,0,0,0,0,0,0,0,0,0,0,0,0,0
1400000US53033009200,53033009200,"Census Tract 92, King County, Washington",0,0,0,0,0,0,0,0,0,0,0,0,0,0,0
1400000US53033009300,53033009300,"Census Tract 93, King County, Washington",0,0,0,0,0,0,0,0,0,0,0,0,0,0,0
1400000US53033009400,53033009400,"Census Tract 94, King County, Washington",13,13,0,13,0,0,0,13,0,0,0,0,0,0,0
1400000US53033009500,53033009500,"Census Tract 95, King County, Washington",0,0,0,0,0,0,0,0,0,0,0,0,0,0,0
1400000US53033009600,53033009600,"Census Tract 96, King County, Washington",14,14,0,14,0,14,0,0,0,0,0,0,0,0,0
1400000US53033009701,53033009701,"Census Tract 97.01, King County, Washington",0,0,0,0,0,0,0,0,0,0,0,0,0,0,0
1400000US53033009702,53033009702,"Census Tract 97.02, King County, Washington",8,0,0,0,0,0,0,0,0,0,0,0,8,8,0
1400000US53033009800,53033009800,"Census Tract 98, King County, Washington",10,10,0,0,0,0,0,0,10,0,10,0,0,0,0
1400000US53033009900,53033009900,"Census Tract 99, King County, Washington",0,0,0,0,0,0,0,0,0,0,0,0,0,0,0
1400000US53033010000,53033010000,"Census Tract 100, King County, Washington",130,94,28,60,0,0,0,60,6,0,6,0,36,17,19
1400000US53033010100,53033010100,"Census Tract 101, King County, Washington",21,15,15,0,0,0,0,0,0,0,0,0,6,0,6
1400000US53033010200,53033010200,"Census Tract 102, King County, Washington",0,0,0,0,0,0,0,0,0,0,0,0,0,0,0
1400000US53033010300,53033010300,"Census Tract 103, King County, Washington",153,62,0,35,0,0,0,35,27,0,0,27,91,71,20
1400000US53033010400,53033010400,"Census Tract 104, King County, Washington",119,106,59,38,0,0,22,16,9,0,9,0,13,6,7
1400000US53033010500,53033010500,"Census Tract 105, King County, Washington",15,15,0,15,0,15,0,0,0,0,0,0,0,0,0
1400000US53033010600,53033010600,"Census Tract 106, King County, Washington",0,0,0,0,0,0,0,0,0,0,0,0,0,0,0
1400000US53033010700,53033010700,"Census Tract 107, King County, Washington",186,147,54,64,0,0,0,64,29,0,22,7,39,32,7
1400000US53033010800,53033010800,"Census Tract 108, King County, Washington",50,50,0,50,0,0,0,50,0,0,0,0,0,0,0
1400000US53033010900,53033010900,"Census Tract 109, King County, Washington",0,0,0,0,0,0,0,0,0,0,0,0,0,0,0
1400000US53033011000,53033011000,"Census Tract 110, King County, Washington",119,93,24,0,0,0,0,0,69,0,69,0,26,6,20
1400000US53033011101,53033011101,"Census Tract 111.01, King County, Washington",12,12,0,0,0,0,0,0,12,0,12,0,0,0,0
1400000US53033011102,53033011102,"Census Tract 111.02, King County, Washington",171,141,97,3,0,0,0,3,41,0,31,10,30,4,26
1400000US53033011200,53033011200,"Census Tract 112, King County, Washington",56,49,35,14,0,6,0,8,0,0,0,0,7,0,7
1400000US53033011300,53033011300,"Census Tract 113, King County, Washington",112,85,42,33,0,0,0,33,10,0,10,0,27,12,15
1400000US53033011400,53033011400,"Census Tract 114, King County, Washington",24,24,8,16,0,0,0,16,0,0,0,0,0,0,0
1400000US53033011500,53033011500,"Census Tract 115, King County, Washington",0,0,0,0,0,0,0,0,0,0,0,0,0,0,0
1400000US53033011600,53033011600,"Census Tract 116, King County, Washington",35,35,6,29,0,0,0,29,0,0,0,0,0,0,0
1400000US53033011700,53033011700,"Census Tract 117, King County, Washington",38,38,0,0,0,0,0,0,38,0,38,0,0,0,0
1400000US53033011800,53033011800,"Census Tract 118, King County, Washington",149,120,51,22,0,0,0,22,47,0,47,0,29,29,0
1400000US53033011900,53033011900,"Census Tract 119, King County, Washington",44,28,22,0,0,0,0,0,6,0,0,6,16,16,0
1400000US53033012000,53033012000,"Census Tract 120, King County, Washington",26,22,6,10,0,0,0,10,6,0,6,0,4,0,4
1400000US53033012100,53033012100,"Census Tract 121, King County, Washington",0,0,0,0,0,0,0,0,0,0,0,0,0,0,0
1400000US53033020100,53033020100,"Census Tract 201, King County, Washington",0,0,0,0,0,0,0,0,0,0,0,0,0,0,0
1400000US53033020200,53033020200,"Census Tract 202, King County, Washington",19,11,0,11,0,0,0,11,0,0,0,0,8,0,8
1400000US53033020300,53033020300,"Census Tract 203, King County, Washington",0,0,0,0,0,0,0,0,0,0,0,0,0,0,0
1400000US53033020401,53033020401,"Census Tract 204.01, King County, Washington",21,14,0,0,0,0,0,0,14,0,14,0,7,7,0
1400000US53033020402,53033020402,"Census Tract 204.02, King County, Washington",20,20,0,5,0,0,0,5,15,0,15,0,0,0,0
1400000US53033020500,53033020500,"Census Tract 205, King County, Washington",2,0,0,0,0,0,0,0,0,0,0,0,2,0,2
1400000US53033020600,53033020600,"Census Tract 206, King County, Washington",7,7,0,7,0,0,0,7,0,0,0,0,0,0,0
1400000US53033020700,53033020700,"Census Tract 207, King County, Washington",0,0,0,0,0,0,0,0,0,0,0,0,0,0,0
1400000US53033020800,53033020800,"Census Tract 208, King County, Washington",14,14,6,3,0,0,0,3,5,0,5,0,0,0,0
1400000US53033020900,53033020900,"Census Tract 209, King County, Washington",0,0,0,0,0,0,0,0,0,0,0,0,0,0,0
1400000US53033021000,53033021000,"Census Tract 210, King County, Washington",129,15,15,0,0,0,0,0,0,0,0,0,114,20,94
1400000US53033021100,53033021100,"Census Tract 211, King County, Washington",0,0,0,0,0,0,0,0,0,0,0,0,0,0,0
1400000US53033021300,53033021300,"Census Tract 213, King County, Washington",23,23,7,16,0,8,0,8,0,0,0,0,0,0,0
1400000US53033021400,53033021400,"Census Tract 214, King County, Washington",0,0,0,0,0,0,0,0,0,0,0,0,0,0,0
1400000US53033021500,53033021500,"Census Tract 215, King County, Washington",36,21,12,9,0,0,0,9,0,0,0,0,15,9,6
1400000US53033021600,53033021600,"Census Tract 216, King County, Washington",19,19,19,0,0,0,0,0,0,0,0,0,0,0,0
1400000US53033021700,53033021700,"Census Tract 217, King County, Washington",6,6,0,6,0,0,0,6,0,0,0,0,0,0,0
1400000US53033021802,53033021802,"Census Tract 218.02, King County, Washington",7,7,7,0,0,0,0,0,0,0,0,0,0,0,0
1400000US53033021803,53033021803,"Census Tract 218.03, King County, Washington",26,17,0,8,0,0,0,8,9,0,9,0,9,0,9
1400000US53033021804,53033021804,"Census Tract 218.04, King County, Washington",6,0,0,0,0,0,0,0,0,0,0,0,6,6,0
1400000US53033021903,53033021903,"Census Tract 219.03, King County, Washington",91,74,65,0,0,0,0,0,9,0,9,0,17,17,0
1400000US53033021904,53033021904,"Census Tract 219.04, King County, Washington",0,0,0,0,0,0,0,0,0,0,0,0,0,0,0
1400000US53033021905,53033021905,"Census Tract 219.05, King County, Washington",0,0,0,0,0,0,0,0,0,0,0,0,0,0,0
1400000US53033021906,53033021906,"Census Tract 219.06, King County, Washington",0,0,0,0,0,0,0,0,0,0,0,0,0,0,0
1400000US53033022001,53033022001,"Census Tract 220.01, King County, Washington",5,5,0,5,0,0,0,5,0,0,0,0,0,0,0
1400000US53033022003,53033022003,"Census Tract 220.03, King County, Washington",0,0,0,0,0,0,0,0,0,0,0,0,0,0,0
1400000US53033022005,53033022005,"Census Tract 220.05, King County, Washington",0,0,0,0,0,0,0,0,0,0,0,0,0,0,0
1400000US53033022006,53033022006,"Census Tract 220.06, King County, Washington",6,6,0,6,0,0,0,6,0,0,0,0,0,0,0
1400000US53033022101,53033022101,"Census Tract 221.01, King County, Washington",0,0,0,0,0,0,0,0,0,0,0,0,0,0,0
1400000US53033022102,53033022102,"Census Tract 221.02, King County, Washington",77,77,49,28,12,0,0,16,0,0,0,0,0,0,0
1400000US53033022201,53033022201,"Census Tract 222.01, King County, Washington",9,9,2,7,0,0,0,7,0,0,0,0,0,0,0
1400000US53033022202,53033022202,"Census Tract 222.02, King County, Washington",0,0,0,0,0,0,0,0,0,0,0,0,0,0,0
1400000US53033022203,53033022203,"Census Tract 222.03, King County, Washington",0,0,0,0,0,0,0,0,0,0,0,0,0,0,0
1400000US53033022300,53033022300,"Census Tract 223, King County, Washington",0,0,0,0,0,0,0,0,0,0,0,0,0,0,0
1400000US53033022400,53033022400,"Census Tract 224, King County, Washington",14,14,0,14,0,0,0,14,0,0,0,0,0,0,0
1400000US53033022500,53033022500,"Census Tract 225, King County, Washington",0,0,0,0,0,0,0,0,0,0,0,0,0,0,0
1400000US53033022603,53033022603,"Census Tract 226.03, King County, Washington",0,0,0,0,0,0,0,0,0,0,0,0,0,0,0
1400000US53033022604,53033022604,"Census Tract 226.04, King County, Washington",22,8,8,0,0,0,0,0,0,0,0,0,14,0,14
1400000US53033022605,53033022605,"Census Tract 226.05, King County, Washington",34,34,8,11,0,0,0,11,15,0,15,0,0,0,0
1400000US53033022606,53033022606,"Census Tract 226.06, King County, Washington",9,9,0,0,0,0,0,0,9,0,9,0,0,0,0
1400000US53033022701,53033022701,"Census Tract 227.01, King County, Washington",0,0,0,0,0,0,0,0,0,0,0,0,0,0,0
1400000US53033022702,53033022702,"Census Tract 227.02, King County, Washington",0,0,0,0,0,0,0,0,0,0,0,0,0,0,0
1400000US53033022703,53033022703,"Census Tract 227.03, King County, Washington",0,0,0,0,0,0,0,0,0,0,0,0,0,0,0
1400000US53033022801,53033022801,"Census Tract 228.01, King County, Washington",37,37,11,8,8,0,0,0,18,0,10,8,0,0,0
1400000US53033022802,53033022802,"Census Tract 228.02, King County, Washington",0,0,0,0,0,0,0,0,0,0,0,0,0,0,0
1400000US53033022803,53033022803,"Census Tract 228.03, King County, Washington",0,0,0,0,0,0,0,0,0,0,0,0,0,0,0
1400000US53033022901,53033022901,"Census Tract 229.01, King County, Washington",0,0,0,0,0,0,0,0,0,0,0,0,0,0,0
1400000US53033022902,53033022902,"Census Tract 229.02, King County, Washington",0,0,0,0,0,0,0,0,0,0,0,0,0,0,0
1400000US53033023000,53033023000,"Census Tract 230, King County, Washington",35,7,0,2,0,0,0,2,5,0,5,0,28,0,28
1400000US53033023100,53033023100,"Census Tract 231, King County, Washington",37,29,0,22,0,0,0,22,7,0,7,0,8,0,8
1400000US53033023201,53033023201,"Census Tract 232.01, King County, Washington",8,0,0,0,0,0,0,0,0,0,0,0,8,0,8
1400000US53033023202,53033023202,"Census Tract 232.02, King County, Washington",7,7,0,0,0,0,0,0,7,0,7,0,0,0,0
1400000US53033023300,53033023300,"Census Tract 233, King County, Washington",0,0,0,0,0,0,0,0,0,0,0,0,0,0,0
1400000US53033023401,53033023401,"Census Tract 234.01, King County, Washington",0,0,0,0,0,0,0,0,0,0,0,0,0,0,0
1400000US53033023402,53033023402,"Census Tract 234.02, King County, Washington",35,9,9,0,0,0,0,0,0,0,0,0,26,0,26
1400000US53033023500,53033023500,"Census Tract 235, King County, Washington",9,9,0,0,0,0,0,0,9,0,9,0,0,0,0
1400000US53033023601,53033023601,"Census Tract 236.01, King County, Washington",0,0,0,0,0,0,0,0,0,0,0,0,0,0,0
1400000US53033023603,53033023603,"Census Tract 236.03, King County, Washington",5,5,5,0,0,0,0,0,0,0,0,0,0,0,0
1400000US53033023604,53033023604,"Census Tract 236.04, King County, Washington",32,0,0,0,0,0,0,0,0,0,0,0,32,0,32
1400000US53033023700,53033023700,"Census Tract 237, King County, Washington",8,8,0,8,0,0,0,8,0,0,0,0,0,0,0
1400000US53033023801,53033023801,"Census Tract 238.01, King County, Washington",0,0,0,0,0,0,0,0,0,0,0,0,0,0,0
1400000US53033023802,53033023802,"Census Tract 238.02, King County, Washington",19,0,0,0,0,0,0,0,0,0,0,0,19,19,0
1400000US53033023900,53033023900,"Census Tract 239, King County, Washington",0,0,0,0,0,0,0,0,0,0,0,0,0,0,0
1400000US53033024000,53033024000,"Census Tract 240, King County, Washington",13,13,13,0,0,0,0,0,0,0,0,0,0,0,0
1400000US53033024100,53033024100,"Census Tract 241, King County, Washington",0,0,0,0,0,0,0,0,0,0,0,0,0,0,0
1400000US53033024200,53033024200,"Census Tract 242, King County, Washington",0,0,0,0,0,0,0,0,0,0,0,0,0,0,0
1400000US53033024300,53033024300,"Census Tract 243, King County, Washington",0,0,0,0,0,0,0,0,0,0,0,0,0,0,0
1400000US53033024400,53033024400,"Census Tract 244, King County, Washington",18,18,0,8,0,0,8,0,10,0,10,0,0,0,0
1400000US53033024500,53033024500,"Census Tract 245, King County, Washington",0,0,0,0,0,0,0,0,0,0,0,0,0,0,0
1400000US53033024601,53033024601,"Census Tract 246.01, King County, Washington",9,9,0,3,0,0,0,3,6,0,6,0,0,0,0
1400000US53033024602,53033024602,"Census Tract 246.02, King County, Washington",0,0,0,0,0,0,0,0,0,0,0,0,0,0,0
1400000US53033024701,53033024701,"Census Tract 247.01, King County, Washington",0,0,0,0,0,0,0,0,0,0,0,0,0,0,0
1400000US53033024702,53033024702,"Census Tract 247.02, King County, Washington",7,7,0,0,0,0,0,0,7,0,7,0,0,0,0
1400000US53033024800,53033024800,"Census Tract 248, King County, Washington",40,40,22,7,0,0,0,7,11,0,11,0,0,0,0
1400000US53033024901,53033024901,"Census Tract 249.01, King County, Washington",8,0,0,0,0,0,0,0,0,0,0,0,8,0,8
1400000US53033024902,53033024902,"Census Tract 249.02, King County, Washington",15,15,0,11,6,5,0,0,4,0,0,4,0,0,0
1400000US53033024903,53033024903,"Census Tract 249.03, King County, Washington",0,0,0,0,0,0,0,0,0,0,0,0,0,0,0
1400000US53033025001,53033025001,"Census Tract 250.01, King County, Washington",0,0,0,0,0,0,0,0,0,0,0,0,0,0,0
1400000US53033025003,53033025003,"Census Tract 250.03, King County, Washington",0,0,0,0,0,0,0,0,0,0,0,0,0,0,0
1400000US53033025004,53033025004,"Census Tract 250.04, King County, Washington",0,0,0,0,0,0,0,0,0,0,0,0,0,0,0
1400000US53033025101,53033025101,"Census Tract 251.01, King County, Washington",6,6,0,0,0,0,0,0,6,0,6,0,0,0,0
1400000US53033025102,53033025102,"Census Tract 251.02, King County, Washington",0,0,0,0,0,0,0,0,0,0,0,0,0,0,0
1400000US53033025200,53033025200,"Census Tract 252, King County, Washington",82,70,27,43,0,0,0,43,0,0,0,0,12,12,0
1400000US53033025300,53033025300,"Census Tract 253, King County, Washington",27,27,27,0,0,0,0,0,0,0,0,0,0,0,0
1400000US53033025400,53033025400,"Census Tract 254, King County, Washington",0,0,0,0,0,0,0,0,0,0,0,0,0,0,0
1400000US53033025500,53033025500,"Census Tract 255, King County, Washington",30,12,12,0,0,0,0,0,0,0,0,0,18,0,18
1400000US53033025600,53033025600,"Census Tract 256, King County, Washington",5,5,0,5,0,0,0,5,0,0,0,0,0,0,0
1400000US53033025701,53033025701,"Census Tract 257.01, King County, Washington",0,0,0,0,0,0,0,0,0,0,0,0,0,0,0
1400000US53033025702,53033025702,"Census Tract 257.02, King County, Washington",0,0,0,0,0,0,0,0,0,0,0,0,0,0,0
1400000US53033025801,53033025801,"Census Tract 258.01, King County, Washington",0,0,0,0,0,0,0,0,0,0,0,0,0,0,0
1400000US53033025803,53033025803,"Census Tract 258.03, King County, Washington",94,88,37,51,0,0,0,51,0,0,0,0,6,0,6
1400000US53033025804,53033025804,"Census Tract 258.04, King County, Washington",0,0,0,0,0,0,0,0,0,0,0,0,0,0,0
1400000US53033026001,53033026001,"Census Tract 260.01, King County, Washington",31,31,18,0,0,0,0,0,13,0,13,0,0,0,0
1400000US53033026002,53033026002,"Census Tract 260.02, King County, Washington",37,10,0,10,0,10,0,0,0,0,0,0,27,0,27
1400000US53033026100,53033026100,"Census Tract 261, King County, Washington",103,60,0,8,0,0,0,8,52,0,39,13,43,0,43
1400000US53033026200,53033026200,"Census Tract 262, King County, Washington",13,13,0,13,0,0,0,13,0,0,0,0,0,0,0
1400000US53033026300,53033026300,"Census Tract 263, King County, Washington",26,15,15,0,0,0,0,0,0,0,0,0,11,11,0
1400000US53033026400,53033026400,"Census Tract 264, King County, Washington",83,57,26,20,0,0,0,20,11,0,0,11,26,26,0
1400000US53033026500,53033026500,"Census Tract 265, King County, Washington",0,0,0,0,0,0,0,0,0,0,0,0,0,0,0
1400000US53033026600,53033026600,"Census Tract 266, King County, Washington",0,0,0,0,0,0,0,0,0,0,0,0,0,0,0
1400000US53033026700,53033026700,"Census Tract 267, King County, Washington",161,96,33,49,0,0,0,49,14,0,14,0,65,31,34
1400000US53033026801,53033026801,"Census Tract 268.01, King County, Washington",116,116,17,25,0,0,0,25,74,0,74,0,0,0,0
1400000US53033026802,53033026802,"Census Tract 268.02, King County, Washington",182,121,63,43,0,0,0,43,15,0,15,0,61,17,44
1400000US53033026900,53033026900,"Census Tract 269, King County, Washington",0,0,0,0,0,0,0,0,0,0,0,0,0,0,0
1400000US53033027000,53033027000,"Census Tract 270, King County, Washington",14,5,0,5,0,0,0,5,0,0,0,0,9,9,0
1400000US53033027100,53033027100,"Census Tract 271, King County, Washington",52,52,6,21,0,0,0,21,25,0,25,0,0,0,0
1400000US53033027200,53033027200,"Census Tract 272, King County, Washington",85,65,59,6,0,0,0,6,0,0,0,0,20,0,20
1400000US53033027300,53033027300,"Census Tract 273, King County, Washington",90,41,41,0,0,0,0,0,0,0,0,0,49,0,49
1400000US53033027400,53033027400,"Census Tract 274, King County, Washington",48,22,22,0,0,0,0,0,0,0,0,0,26,15,11
1400000US53033027500,53033027500,"Census Tract 275, King County, Washington",13,4,0,0,0,0,0,0,4,0,4,0,9,0,9
1400000US53033027600,53033027600,"Census Tract 276, King County, Washington",15,5,5,0,0,0,0,0,0,0,0,0,10,0,10
1400000US53033027701,53033027701,"Census Tract 277.01, King County, Washington",8,8,0,8,0,0,0,8,0,0,0,0,0,0,0
1400000US53033027702,53033027702,"Census Tract 277.02, King County, Washington",0,0,0,0,0,0,0,0,0,0,0,0,0,0,0
1400000US53033027800,53033027800,"Census Tract 278, King County, Washington",5,5,0,5,0,0,0,5,0,0,0,0,0,0,0
1400000US53033027900,53033027900,"Census Tract 279, King County, Washington",57,38,0,29,0,0,0,29,9,0,9,0,19,19,0
1400000US53033028000,53033028000,"Census Tract 280, King County, Washington",54,34,27,0,0,0,0,0,7,0,7,0,20,11,9
1400000US53033028100,53033028100,"Census Tract 281, King County, Washington",136,136,17,7,0,0,0,7,112,0,112,0,0,0,0
1400000US53033028200,53033028200,"Census Tract 282, King County, Washington",146,39,10,5,0,0,0,5,24,0,12,12,107,34,73
1400000US53033028300,53033028300,"Census Tract 283, King County, Washington",8,8,0,8,0,0,0,8,0,0,0,0,0,0,0
1400000US53033028402,53033028402,"Census Tract 284.02, King County, Washington",149,87,45,28,0,0,0,28,14,0,14,0,62,7,55
1400000US53033028403,53033028403,"Census Tract 284.03, King County, Washington",74,74,36,0,0,0,0,0,38,0,38,0,0,0,0
1400000US53033028500,53033028500,"Census Tract 285, King County, Washington",0,0,0,0,0,0,0,0,0,0,0,0,0,0,0
1400000US53033028600,53033028600,"Census Tract 286, King County, Washington",16,16,0,16,0,0,0,16,0,0,0,0,0,0,0
1400000US53033028700,53033028700,"Census Tract 287, King County, Washington",9,9,0,9,0,0,9,0,0,0,0,0,0,0,0
1400000US53033028801,53033028801,"Census Tract 288.01, King County, Washington",15,7,0,0,0,0,0,0,7,0,7,0,8,8,0
1400000US53033028802,53033028802,"Census Tract 288.02, King County, Washington",179,116,42,17,0,0,0,17,57,0,57,0,63,41,22
1400000US53033028901,53033028901,"Census Tract 289.01, King County, Washington",39,14,7,7,0,0,0,7,0,0,0,0,25,0,25
1400000US53033028902,53033028902,"Census Tract 289.02, King County, Washington",288,122,50,25,0,4,0,21,47,0,34,13,166,35,131
1400000US53033029001,53033029001,"Census Tract 290.01, King County, Washington",11,0,0,0,0,0,0,0,0,0,0,0,11,0,11
1400000US53033029003,53033029003,"Census Tract 290.03, King County, Washington",43,34,4,25,0,0,0,25,5,0,5,0,9,9,0
1400000US53033029004,53033029004,"Census Tract 290.04, King County, Washington",9,9,0,0,0,0,0,0,9,0,9,0,0,0,0
1400000US53033029100,53033029100,"Census Tract 291, King County, Washington",60,50,38,12,0,0,12,0,0,0,0,0,10,6,4
1400000US53033029201,53033029201,"Census Tract 292.01, King County, Washington",11,11,0,11,0,0,0,11,0,0,0,0,0,0,0
1400000US53033029203,53033029203,"Census Tract 292.03, King County, Washington",0,0,0,0,0,0,0,0,0,0,0,0,0,0,0
1400000US53033029204,53033029204,"Census Tract 292.04, King County, Washington",33,33,33,0,0,0,0,0,0,0,0,0,0,0,0
1400000US53033029303,53033029303,"Census Tract 293.03, King County, Washington",18,10,0,0,0,0,0,0,10,0,10,0,8,8,0
1400000US53033029304,53033029304,"Census Tract 293.04, King County, Washington",0,0,0,0,0,0,0,0,0,0,0,0,0,0,0
1400000US53033029305,53033029305,"Census Tract 293.05, King County, Washington",29,13,0,13,0,0,0,13,0,0,0,0,16,0,16
1400000US53033029306,53033029306,"Census Tract 293.06, King County, Washington",11,11,0,11,0,0,0,11,0,0,0,0,0,0,0
1400000US53033029307,53033029307,"Census Tract 293.07, King County, Washington",11,0,0,0,0,0,0,0,0,0,0,0,11,11,0
1400000US53033029403,53033029403,"Census Tract 294.03, King County, Washington",0,0,0,0,0,0,0,0,0,0,0,0,0,0,0
1400000US53033029405,53033029405,"Census Tract 294.05, King County, Washington",0,0,0,0,0,0,0,0,0,0,0,0,0,0,0
1400000US53033029406,53033029406,"Census Tract 294.06, King County, Washington",72,72,0,72,0,0,0,72,0,0,0,0,0,0,0
1400000US53033029407,53033029407,"Census Tract 294.07, King County, Washington",142,89,22,0,0,0,0,0,67,0,67,0,53,0,53
1400000US53033029408,53033029408,"Census Tract 294.08, King County, Washington",80,42,38,4,0,0,0,4,0,0,0,0,38,38,0
1400000US53033029502,53033029502,"Census Tract 295.02, King County, Washington",44,40,6,34,0,0,9,25,0,0,0,0,4,4,0
1400000US53033029503,53033029503,"Census Tract 295.03, King County, Washington",0,0,0,0,0,0,0,0,0,0,0,0,0,0,0
1400000US53033029504,53033029504,"Census Tract 295.04, King County, Washington",7,0,0,0,0,0,0,0,0,0,0,0,7,7,0
1400000US53033029601,53033029601,"Census Tract 296.01, King County, Washington",0,0,0,0,0,0,0,0,0,0,0,0,0,0,0
1400000US53033029602,53033029602,"Census Tract 296.02, King County, Washington",0,0,0,0,0,0,0,0,0,0,0,0,0,0,0
1400000US53033029700,53033029700,"Census Tract 297, King County, Washington",9,0,0,0,0,0,0,0,0,0,0,0,9,0,9
1400000US53033029801,53033029801,"Census Tract 298.01, King County, Washington",30,9,0,9,0,0,0,9,0,0,0,0,21,0,21
1400000US53033029802,53033029802,"Census Tract 298.02, King County, Washington",109,109,48,24,0,0,0,24,37,0,37,0,0,0,0
1400000US53033029901,53033029901,"Census Tract 299.01, King County, Washington",0,0,0,0,0,0,0,0,0,0,0,0,0,0,0
1400000US53033029902,53033029902,"Census Tract 299.02, King County, Washington",0,0,0,0,0,0,0,0,0,0,0,0,0,0,0
1400000US53033030002,53033030002,"Census Tract 300.02, King County, Washington",100,86,32,40,0,0,0,40,14,0,14,0,14,0,14
1400000US53033030003,53033030003,"Census Tract 300.03, King County, Washington",24,24,10,14,8,0,0,6,0,0,0,0,0,0,0
1400000US53033030004,53033030004,"Census Tract 300.04, King County, Washington",146,99,48,28,0,0,0,28,23,0,23,0,47,25,22
1400000US53033030100,53033030100,"Census Tract 301, King County, Washington",19,15,7,8,0,0,0,8,0,0,0,0,4,0,4
1400000US53033030201,53033030201,"Census Tract 302.01, King County, Washington",25,16,0,16,0,0,0,16,0,0,0,0,9,9,0
1400000US53033030202,53033030202,"Census Tract 302.02, King County, Washington",99,69,46,11,0,0,0,11,12,0,12,0,30,0,30
1400000US53033030303,53033030303,"Census Tract 303.03, King County, Washington",119,98,39,33,0,0,0,33,26,0,26,0,21,21,0
1400000US53033030304,53033030304,"Census Tract 303.04, King County, Washington",4,0,0,0,0,0,0,0,0,0,0,0,4,4,0
1400000US53033030305,53033030305,"Census Tract 303.05, King County, Washington",54,30,12,14,0,0,0,14,4,0,0,4,24,0,24
1400000US53033030306,53033030306,"Census Tract 303.06, King County, Washington",0,0,0,0,0,0,0,0,0,0,0,0,0,0,0
1400000US53033030308,53033030308,"Census Tract 303.08, King County, Washington",107,59,13,35,0,0,0,35,11,0,11,0,48,21,27
1400000US53033030309,53033030309,"Census Tract 303.09, King County, Washington",25,25,17,8,0,0,0,8,0,0,0,0,0,0,0
1400000US53033030310,53033030310,"Census Tract 303.10, King County, Washington",0,0,0,0,0,0,0,0,0,0,0,0,0,0,0
1400000US53033030311,53033030311,"Census Tract 303.11, King County, Washington",73,73,46,27,0,0,0,27,0,0,0,0,0,0,0
1400000US53033030312,53033030312,"Census Tract 303.12, King County, Washington",124,10,0,10,0,0,10,0,0,0,0,0,114,114,0
1400000US53033030401,53033030401,"Census Tract 304.01, King County, Washington",50,29,21,8,0,0,0,8,0,0,0,0,21,0,21
1400000US53033030403,53033030403,"Census Tract 304.03, King County, Washington",0,0,0,0,0,0,0,0,0,0,0,0,0,0,0
1400000US53033030404,53033030404,"Census Tract 304.04, King County, Washington",15,15,0,9,0,0,0,9,6,0,6,0,0,0,0
1400000US53033030501,53033030501,"Census Tract 305.01, King County, Washington",4,4,0,4,0,0,0,4,0,0,0,0,0,0,0
1400000US53033030503,53033030503,"Census Tract 305.03, King County, Washington",0,0,0,0,0,0,0,0,0,0,0,0,0,0,0
1400000US53033030504,53033030504,"Census Tract 305.04, King County, Washington",0,0,0,0,0,0,0,0,0,0,0,0,0,0,0
1400000US53033030600,53033030600,"Census Tract 306, King County, Washington",0,0,0,0,0,0,0,0,0,0,0,0,0,0,0
1400000US53033030700,53033030700,"Census Tract 307, King County, Washington",0,0,0,0,0,0,0,0,0,0,0,0,0,0,0
1400000US53033030801,53033030801,"Census Tract 308.01, King County, Washington",20,20,5,15,0,0,0,15,0,0,0,0,0,0,0
1400000US53033030802,53033030802,"Census Tract 308.02, King County, Washington",0,0,0,0,0,0,0,0,0,0,0,0,0,0,0
1400000US53033030901,53033030901,"Census Tract 309.01, King County, Washington",7,7,7,0,0,0,0,0,0,0,0,0,0,0,0
1400000US53033030902,53033030902,"Census Tract 309.02, King County, Washington",0,0,0,0,0,0,0,0,0,0,0,0,0,0,0
1400000US53033031000,53033031000,"Census Tract 310, King County, Washington",0,0,0,0,0,0,0,0,0,0,0,0,0,0,0
1400000US53033031100,53033031100,"Census Tract 311, King County, Washington",13,13,0,13,0,0,0,13,0,0,0,0,0,0,0
1400000US53033031202,53033031202,"Census Tract 312.02, King County, Washington",52,47,19,12,0,0,0,12,16,0,16,0,5,3,2
1400000US53033031204,53033031204,"Census Tract 312.04, King County, Washington",0,0,0,0,0,0,0,0,0,0,0,0,0,0,0
1400000US53033031205,53033031205,"Census Tract 312.05, King County, Washington",0,0,0,0,0,0,0,0,0,0,0,0,0,0,0
1400000US53033031206,53033031206,"Census Tract 312.06, King County, Washington",0,0,0,0,0,0,0,0,0,0,0,0,0,0,0
1400000US53033031301,53033031301,"Census Tract 313.01, King County, Washington",0,0,0,0,0,0,0,0,0,0,0,0,0,0,0
1400000US53033031302,53033031302,"Census Tract 313.02, King County, Washington",0,0,0,0,0,0,0,0,0,0,0,0,0,0,0
1400000US53033031400,53033031400,"Census Tract 314, King County, Washington",0,0,0,0,0,0,0,0,0,0,0,0,0,0,0
1400000US53033031501,53033031501,"Census Tract 315.01, King County, Washington",0,0,0,0,0,0,0,0,0,0,0,0,0,0,0
1400000US53033031502,53033031502,"Census Tract 315.02, King County, Washington",7,7,0,0,0,0,0,0,7,0,7,0,0,0,0
1400000US53033031601,53033031601,"Census Tract 316.01, King County, Washington",0,0,0,0,0,0,0,0,0,0,0,0,0,0,0
1400000US53033031602,53033031602,"Census Tract 316.02, King County, Washington",6,0,0,0,0,0,0,0,0,0,0,0,6,6,0
1400000US53033031603,53033031603,"Census Tract 316.03, King County, Washington",0,0,0,0,0,0,0,0,0,0,0,0,0,0,0
1400000US53033031702,53033031702,"Census Tract 317.02, King County, Washington",0,0,0,0,0,0,0,0,0,0,0,0,0,0,0
1400000US53033031703,53033031703,"Census Tract 317.03, King County, Washington",20,20,2,18,0,0,0,18,0,0,0,0,0,0,0
1400000US53033031704,53033031704,"Census Tract 317.04, King County, Washington",12,12,0,12,0,0,0,12,0,0,0,0,0,0,0
1400000US53033031800,53033031800,"Census Tract 318, King County, Washington",22,22,0,11,0,0,0,11,11,0,11,0,0,0,0
1400000US53033031903,53033031903,"Census Tract 319.03, King County, Washington",0,0,0,0,0,0,0,0,0,0,0,0,0,0,0
1400000US53033031904,53033031904,"Census Tract 319.04, King County, Washington",7,7,7,0,0,0,0,0,0,0,0,0,0,0,0
1400000US53033031906,53033031906,"Census Tract 319.06, King County, Washington",0,0,0,0,0,0,0,0,0,0,0,0,0,0,0
1400000US53033031907,53033031907,"Census Tract 319.07, King County, Washington",25,17,17,0,0,0,0,0,0,0,0,0,8,0,8
1400000US53033031908,53033031908,"Census Tract 319.08, King County, Washington",0,0,0,0,0,0,0,0,0,0,0,0,0,0,0
1400000US53033031909,53033031909,"Census Tract 319.09, King County, Washington",7,7,7,0,0,0,0,0,0,0,0,0,0,0,0
1400000US53033032002,53033032002,"Census Tract 320.02, King County, Washington",0,0,0,0,0,0,0,0,0,0,0,0,0,0,0
1400000US53033032003,53033032003,"Census Tract 320.03, King County, Washington",47,7,0,0,0,0,0,0,7,0,0,7,40,40,0
1400000US53033032005,53033032005,"Census Tract 320.05, King County, Washington",58,46,27,3,0,0,3,0,16,0,16,0,12,0,12
1400000US53033032006,53033032006,"Census Tract 320.06, King County, Washington",0,0,0,0,0,0,0,0,0,0,0,0,0,0,0
1400000US53033032007,53033032007,"Census Tract 320.07, King County, Washington",14,7,7,0,0,0,0,0,0,0,0,0,7,0,7
1400000US53033032008,53033032008,"Census Tract 320.08, King County, Washington",0,0,0,0,0,0,0,0,0,0,0,0,0,0,0
1400000US53033032009,53033032009,"Census Tract 320.09, King County, Washington",20,12,0,12,0,0,0,12,0,0,0,0,8,0,8
1400000US53033032102,53033032102,"Census Tract 321.02, King County, Washington",13,13,0,5,0,0,0,5,8,0,8,0,0,0,0
1400000US53033032103,53033032103,"Census Tract 321.03, King County, Washington",0,0,0,0,0,0,0,0,0,0,0,0,0,0,0
1400000US53033032104,53033032104,"Census Tract 321.04, King County, Washington",0,0,0,0,0,0,0,0,0,0,0,0,0,0,0
1400000US53033032203,53033032203,"Census Tract 322.03, King County, Washington",14,14,7,7,0,0,0,7,0,0,0,0,0,0,0
1400000US53033032207,53033032207,"Census Tract 322.07, King County, Washington",20,0,0,0,0,0,0,0,0,0,0,0,20,0,20
1400000US53033032208,53033032208,"Census Tract 322.08, King County, Washington",0,0,0,0,0,0,0,0,0,0,0,0,0,0,0
1400000US53033032209,53033032209,"Census Tract 322.09, King County, Washington",13,13,5,8,0,0,0,8,0,0,0,0,0,0,0
1400000US53033032210,53033032210,"Census Tract 322.10, King County, Washington",0,0,0,0,0,0,0,0,0,0,0,0,0,0,0
1400000US53033032211,53033032211,"Census Tract 322.11, King County, Washington",0,0,0,0,0,0,0,0,0,0,0,0,0,0,0
1400000US53033032212,53033032212,"Census Tract 322.12, King County, Washington",26,26,26,0,0,0,0,0,0,0,0,0,0,0,0
1400000US53033032307,53033032307,"Census Tract 323.07, King County, Washington",0,0,0,0,0,0,0,0,0,0,0,0,0,0,0
1400000US53033032309,53033032309,"Census Tract 323.09, King County, Washington",0,0,0,0,0,0,0,0,0,0,0,0,0,0,0
1400000US53033032311,53033032311,"Census Tract 323.11, King County, Washington",17,17,0,17,0,0,0,17,0,0,0,0,0,0,0
1400000US53033032312,53033032312,"Census Tract 323.12, King County, Washington",0,0,0,0,0,0,0,0,0,0,0,0,0,0,0
1400000US53033032313,53033032313,"Census Tract 323.13, King County, Washington",86,86,0,86,0,0,0,86,0,0,0,0,0,0,0
1400000US53033032314,53033032314,"Census Tract 323.14, King County, Washington",0,0,0,0,0,0,0,0,0,0,0,0,0,0,0
1400000US53033032315,53033032315,"Census Tract 323.15, King County, Washington",0,0,0,0,0,0,0,0,0,0,0,0,0,0,0
1400000US53033032316,53033032316,"Census Tract 323.16, King County, Washington",11,11,0,11,0,0,0,11,0,0,0,0,0,0,0
1400000US53033032317,53033032317,"Census Tract 323.17, King County, Washington",0,0,0,0,0,0,0,0,0,0,0,0,0,0,0
1400000US53033032318,53033032318,"Census Tract 323.18, King County, Washington",0,0,0,0,0,0,0,0,0,0,0,0,0,0,0
1400000US53033032319,53033032319,"Census Tract 323.19, King County, Washington",7,7,0,7,0,0,0,7,0,0,0,0,0,0,0
1400000US53033032320,53033032320,"Census Tract 323.20, King County, Washington",0,0,0,0,0,0,0,0,0,0,0,0,0,0,0
1400000US53033032321,53033032321,"Census Tract 323.21, King County, Washington",0,0,0,0,0,0,0,0,0,0,0,0,0,0,0
1400000US53033032322,53033032322,"Census Tract 323.22, King County, Washington",0,0,0,0,0,0,0,0,0,0,0,0,0,0,0
1400000US53033032323,53033032323,"Census Tract 323.23, King County, Washington",0,0,0,0,0,0,0,0,0,0,0,0,0,0,0
1400000US53033032324,53033032324,"Census Tract 323.24, King County, Washington",0,0,0,0,0,0,0,0,0,0,0,0,0,0,0
1400000US53033032325,53033032325,"Census Tract 323.25, King County, Washington",6,6,0,0,0,0,0,0,6,0,6,0,0,0,0
1400000US53033032401,53033032401,"Census Tract 324.01, King County, Washington",29,0,0,0,0,0,0,0,0,0,0,0,29,29,0
1400000US53033032402,53033032402,"Census Tract 324.02, King County, Washington",0,0,0,0,0,0,0,0,0,0,0,0,0,0,0
1400000US53033032500,53033032500,"Census Tract 325, King County, Washington",0,0,0,0,0,0,0,0,0,0,0,0,0,0,0
1400000US53033032601,53033032601,"Census Tract 326.01, King County, Washington",0,0,0,0,0,0,0,0,0,0,0,0,0,0,0
1400000US53033032602,53033032602,"Census Tract 326.02, King County, Washington",7,7,0,7,0,0,7,0,0,0,0,0,0,0,0
1400000US53033032702,53033032702,"Census Tract 327.02, King County, Washington",0,0,0,0,0,0,0,0,0,0,0,0,0,0,0
1400000US53033032703,53033032703,"Census Tract 327.03, King County, Washington",13,13,0,10,0,0,4,6,3,0,3,0,0,0,0
1400000US53033032704,53033032704,"Census Tract 327.04, King County, Washington",0,0,0,0,0,0,0,0,0,0,0,0,0,0,0
1400000US53033032800,53033032800,"Census Tract 328, King County, Washington",0,0,0,0,0,0,0,0,0,0,0,0,0,0,0
1600000US5300100,5300100,"Aberdeen city, Washington",50,41,0,27,0,0,0,27,14,0,5,9,9,9,0
1600000US5300135,5300135,"Aberdeen Gardens CDP, Washington",0,0,0,0,0,0,0,0,0,0,0,0,0,0,0
1600000US5300275,5300275,"Acme CDP, Washington",0,0,0,0,0,0,0,0,0,0,0,0,0,0,0
1600000US5300800,5300800,"Ahtanum CDP, Washington",0,0,0,0,0,0,0,0,0,0,0,0,0,0,0
1600000US5300905,5300905,"Airway Heights city, Washington",0,0,0,0,0,0,0,0,0,0,0,0,0,0,0
1600000US5301010,5301010,"Albion town, Washington",10,10,0,0,0,0,0,0,10,0,10,0,0,0,0
1600000US5301185,5301185,"Alderwood Manor CDP, Washington",0,0,0,0,0,0,0,0,0,0,0,0,0,0,0
1600000US5301255,5301255,"Alger CDP, Washington",0,0,0,0,0,0,0,0,0,0,0,0,0,0,0
1600000US5301290,5301290,"Algona city, Washington",7,7,7,0,0,0,0,0,0,0,0,0,0,0,0
1600000US5301447,5301447,"Allyn-Grapeview CDP, Washington",11,11,1,10,0,0,0,10,0,0,0,0,0,0,0
1600000US5301500,5301500,"Almira town, Washington",0,0,0,0,0,0,0,0,0,0,0,0,0,0,0
1600000US5301850,5301850,"Amboy CDP, Washington",0,0,0,0,0,0,0,0,0,0,0,0,0,0,0
1600000US5301920,5301920,"Ames Lake CDP, Washington",0,0,0,0,0,0,0,0,0,0,0,0,0,0,0
1600000US5301990,5301990,"Anacortes city, Washington",3,3,0,3,0,0,0,3,0,0,0,0,0,0,0
1600000US5302585,5302585,"Arlington city, Washington",34,23,23,0,0,0,0,0,0,0,0,0,11,0,11
1600000US5302620,5302620,"Arlington Heights CDP, Washington",0,0,0,0,0,0,0,0,0,0,0,0,0,0,0
1600000US5302910,5302910,"Artondale CDP, Washington",56,56,27,29,0,15,0,14,0,0,0,0,0,0,0
1600000US5303005,5303005,"Ashford CDP, Washington",0,0,0,0,0,0,0,0,0,0,0,0,0,0,0
1600000US5303075,5303075,"Asotin city, Washington",0,0,0,0,0,0,0,0,0,0,0,0,0,0,0
1600000US5303180,5303180,"Auburn city, Washington",41,41,5,36,0,0,0,36,0,0,0,0,0,0,0
1600000US5303215,5303215,"Ault Field CDP, Washington",42,42,6,6,0,0,0,6,30,0,30,0,0,0,0
1600000US5303736,5303736,"Bainbridge Island city, Washington",27,27,16,0,0,0,0,0,11,0,11,0,0,0,0
1600000US5304113,5304113,"Bangor Trident Base CDP, Washington",145,126,10,16,0,0,0,16,100,0,91,9,19,14,5
1600000US5304125,5304125,"Banks Lake South CDP, Washington",0,0,0,0,0,0,0,0,0,0,0,0,0,0,0
1600000US5304195,5304195,"Barberton CDP, Washington",30,30,23,7,0,7,0,0,0,0,0,0,0,0,0
1600000US5304300,5304300,"Baring CDP, Washington",0,0,0,0,0,0,0,0,0,0,0,0,0,0,0
1600000US5304405,5304405,"Basin City CDP, Washington",0,0,0,0,0,0,0,0,0,0,0,0,0,0,0
1600000US5304475,5304475,"Battle Ground city, Washington",0,0,0,0,0,0,0,0,0,0,0,0,0,0,0
1600000US5304615,5304615,"Bay Center CDP, Washington",0,0,0,0,0,0,0,0,0,0,0,0,0,0,0
1600000US5304790,5304790,"Bay View CDP, Washington",0,0,0,0,0,0,0,0,0,0,0,0,0,0,0
1600000US5304895,5304895,"Beaux Arts Village town, Washington",0,0,0,0,0,0,0,0,0,0,0,0,0,0,0
1600000US5305210,5305210,"Bellevue city, Washington",258,155,51,47,8,0,0,39,57,0,49,8,103,19,84
1600000US5305245,5305245,"Bell Hill CDP, Washington",0,0,0,0,0,0,0,0,0,0,0,0,0,0,0
1600000US5305280,5305280,"Bellingham city, Washington",80,65,28,37,0,0,6,31,0,0,0,0,15,15,0
1600000US5305560,5305560,"Benton City city, Washington",0,0,0,0,0,0,0,0,0,0,0,0,0,0,0
1600000US5305980,5305980,"Bickleton CDP, Washington",0,0,0,0,0,0,0,0,0,0,0,0,0,0,0
1600000US5306050,5306050,"Big Lake CDP, Washington",0,0,0,0,0,0,0,0,0,0,0,0,0,0,0
1600000US5306085,5306085,"Bingen city, Washington",0,0,0,0,0,0,0,0,0,0,0,0,0,0,0
1600000US5306190,5306190,"Birch Bay CDP, Washington",0,0,0,0,0,0,0,0,0,0,0,0,0,0,0
1600000US5306330,5306330,"Black Diamond city, Washington",6,0,0,0,0,0,0,0,0,0,0,0,6,6,0
1600000US5306505,5306505,"Blaine city, Washington",0,0,0,0,0,0,0,0,0,0,0,0,0,0,0
1600000US5306855,5306855,"Blyn CDP, Washington",0,0,0,0,0,0,0,0,0,0,0,0,0,0,0
1600000US5307170,5307170,"Bonney Lake city, Washington",5,5,0,0,0,0,0,0,5,0,0,5,0,0,0
1600000US5307380,5307380,"Bothell city, Washington",44,29,7,13,0,0,0,13,9,0,9,0,15,6,9
1600000US5307590,5307590,"Brady CDP, Washington",11,11,11,0,0,0,0,0,0,0,0,0,0,0,0
1600000US5307695,5307695,"Bremerton city, Washington",246,190,59,67,0,9,4,54,64,0,54,10,56,23,33
1600000US5307835,5307835,"Brewster city, Washington",0,0,0,0,0,0,0,0,0,0,0,0,0,0,0
1600000US5307870,5307870,"Bridgeport city, Washington",0,0,0,0,0,0,0,0,0,0,0,0,0,0,0
1600000US5307940,5307940,"Brier city, Washington",13,13,0,13,0,0,0,13,0,0,0,0,0,0,0
1600000US5308080,5308080,"Brinnon CDP, Washington",3,3,3,0,0,0,0,0,0,0,0,0,0,0,0
1600000US5308465,5308465,"Brush Prairie CDP, Washington",0,0,0,0,0,0,0,0,0,0,0,0,0,0,0
1600000US5308552,5308552,"Bryn Mawr-Skyway CDP, Washington",144,101,18,18,0,10,0,8,65,0,52,13,43,0,43
1600000US5308570,5308570,"Buckley city, Washington",24,24,0,0,0,0,0,0,24,0,24,0,0,0,0
1600000US5308605,5308605,"Bucoda town, Washington",0,0,0,0,0,0,0,0,0,0,0,0,0,0,0
1600000US5308780,5308780,"Burbank CDP, Washington",0,0,0,0,0,0,0,0,0,0,0,0,0,0,0
1600000US5308850,5308850,"Burien city, Washington",355,206,95,76,0,0,0,76,35,0,35,0,149,76,73
1600000US5308920,5308920,"Burlington city, Washington",4,4,4,0,0,0,0,0,0,0,0,0,0,0,0
1600000US5309365,5309365,"Camano CDP, Washington",31,31,0,26,0,5,0,21,5,0,5,0,0,0,0
1600000US5309480,5309480,"Camas city, Washington",55,55,24,11,0,0,0,11,20,0,20,0,0,0,0
1600000US5309970,5309970,"Carbonado town, Washington",0,0,0,0,0,0,0,0,0,0,0,0,0,0,0
1600000US5310075,5310075,"Carlsborg CDP, Washington",0,0,0,0,0,0,0,0,0,0,0,0,0,0,0
1600000US5310215,5310215,"Carnation city, Washington",0,0,0,0,0,0,0,0,0,0,0,0,0,0,0
1600000US5310325,5310325,"Carson River Valley CDP, Washington",0,0,0,0,0,0,0,0,0,0,0,0,0,0,0
1600000US5310372,5310372,"Cascade-Fairwood CDP, Washington",144,122,61,51,0,0,0,51,10,0,10,0,22,8,14
1600000US5310455,5310455,"Cascade Valley CDP, Washington",0,0,0,0,0,0,0,0,0,0,0,0,0,0,0
1600000US5310495,5310495,"Cashmere city, Washington",3,3,0,3,0,0,0,3,0,0,0,0,0,0,0
1600000US5310565,5310565,"Castle Rock city, Washington",5,5,0,0,0,0,0,0,5,0,5,0,0,0,0
1600000US5310585,5310585,"Cathan CDP, Washington",0,0,0,0,0,0,0,0,0,0,0,0,0,0,0
1600000US5310600,5310600,"Cathcart CDP, Washington",0,0,0,0,0,0,0,0,0,0,0,0,0,0,0
1600000US5310635,5310635,"Cathlamet town, Washington",0,0,0,0,0,0,0,0,0,0,0,0,0,0,0
1600000US5311090,5311090,"Centerville CDP, Washington",0,0,0,0,0,0,0,0,0,0,0,0,0,0,0
1600000US5311160,5311160,"Centralia city, Washington",82,67,0,31,0,7,0,24,36,0,17,19,15,0,15
1600000US5311195,5311195,"Central Park CDP, Washington",0,0,0,0,0,0,0,0,0,0,0,0,0,0,0
1600000US5311475,5311475,"Chehalis city, Washington",15,15,9,0,0,0,0,0,6,0,6,0,0,0,0
1600000US5311568,5311568,"Chehalis Village CDP, Washington",0,0,0,0,0,0,0,0,0,0,0,0,0,0,0
1600000US5311615,5311615,"Chelan city, Washington",0,0,0,0,0,0,0,0,0,0,0,0,0,0,0
1600000US5311825,5311825,"Cheney city, Washington",0,0,0,0,0,0,0,0,0,0,0,0,0,0,0
1600000US5312015,5312015,"Cherry Grove CDP, Washington",0,0,0,0,0,0,0,0,0,0,0,0,0,0,0
1600000US5312140,5312140,"Chewelah city, Washington",0,0,0,0,0,0,0,0,0,0,0,0,0,0,0
1600000US5312315,5312315,"Chinook CDP, Washington",0,0,0,0,0,0,0,0,0,0,0,0,0,0,0
1600000US5312630,5312630,"Clarkston city, Washington",0,0,0,0,0,0,0,0,0,0,0,0,0,0,0
1600000US5312680,5312680,"Clarkston Heights-Vineland CDP, Washington",6,6,0,0,0,0,0,0,6,0,6,0,0,0,0
1600000US5312840,5312840,"Clear Lake CDP, Washington",0,0,0,0,0,0,0,0,0,0,0,0,0,0,0
1600000US5312945,5312945,"Cle Elum city, Washington",29,18,14,0,0,0,0,0,4,0,4,0,11,0,11
1600000US5313155,5313155,"Clinton CDP, Washington",0,0,0,0,0,0,0,0,0,0,0,0,0,0,0
1600000US5313365,5313365,"Clyde Hill city, Washington",0,0,0,0,0,0,0,0,0,0,0,0,0,0,0
1600000US5313595,5313595,"Cohassett Beach CDP, Washington",0,0,0,0,0,0,0,0,0,0,0,0,0,0,0
1600000US5313785,5313785,"Colfax city, Washington",0,0,0,0,0,0,0,0,0,0,0,0,0,0,0
1600000US5313855,5313855,"College Place city, Washington",14,14,0,0,0,0,0,0,14,0,14,0,0,0,0
1600000US5313890,5313890,"Colton town, Washington",0,0,0,0,0,0,0,0,0,0,0,0,0,0,0
1600000US5314170,5314170,"Colville city, Washington",8,8,0,8,0,0,0,8,0,0,0,0,0,0,0
1600000US5314310,5314310,"Conconully town, Washington",0,0,0,0,0,0,0,0,0,0,0,0,0,0,0
1600000US5314380,5314380,"Concrete town, Washington",0,0,0,0,0,0,0,0,0,0,0,0,0,0,0
1600000US5314485,5314485,"Connell city, Washington",0,0,0,0,0,0,0,0,0,0,0,0,0,0,0
1600000US5314520,5314520,"Conway CDP, Washington",0,0,0,0,0,0,0,0,0,0,0,0,0,0,0
1600000US5314660,5314660,"Copalis Beach CDP, Washington",0,0,0,0,0,0,0,0,0,0,0,0,0,0,0
1600000US5314870,5314870,"Cosmopolis city, Washington",0,0,0,0,0,0,0,0,0,0,0,0,0,0,0
1600000US5314940,5314940,"Cottage Lake CDP, Washington",17,17,0,17,0,0,0,17,0,0,0,0,0,0,0
1600000US5315080,5315080,"Coulee City town, Washington",0,0,0,0,0,0,0,0,0,0,0,0,0,0,0
1600000US5315115,5315115,"Coulee Dam town, Washington",3,3,0,3,0,0,0,3,0,0,0,0,0,0,0
1600000US5315150,5315150,"Country Homes CDP, Washington",53,53,33,20,0,17,0,3,0,0,0,0,0,0,0
1600000US5315185,5315185,"Coupeville town, Washington",0,0,0,0,0,0,0,0,0,0,0,0,0,0,0
1600000US5315290,5315290,"Covington city, Washington",49,30,27,3,0,0,3,0,0,0,0,0,19,0,19
1600000US5315710,5315710,"Creston town, Washington",0,0,0,0,0,0,0,0,0,0,0,0,0,0,0
1600000US5316340,5316340,"Cusick town, Washington",0,0,0,0,0,0,0,0,0,0,0,0,0,0,0
1600000US5316375,5316375,"Custer CDP, Washington",0,0,0,0,0,0,0,0,0,0,0,0,0,0,0
1600000US5316550,5316550,"Dallesport CDP, Washington",0,0,0,0,0,0,0,0,0,0,0,0,0,0,0
1600000US5316690,5316690,"Darrington town, Washington",2,2,0,2,0,0,0,2,0,0,0,0,0,0,0
1600000US5316795,5316795,"Davenport city, Washington",0,0,0,0,0,0,0,0,0,0,0,0,0,0,0
1600000US5316970,5316970,"Dayton city, Washington",0,0,0,0,0,0,0,0,0,0,0,0,0,0,0
1600000US5317320,5317320,"Deer Park city, Washington",0,0,0,0,0,0,0,0,0,0,0,0,0,0,0
1600000US5317495,5317495,"Deming CDP, Washington",0,0,0,0,0,0,0,0,0,0,0,0,0,0,0
1600000US5317617,5317617,"Desert Aire CDP, Washington",0,0,0,0,0,0,0,0,0,0,0,0,0,0,0
1600000US5317635,5317635,"Des Moines city, Washington",390,179,61,66,0,4,9,53,52,0,39,13,211,44,167
1600000US5317985,5317985,"Dishman CDP, Washington",0,0,0,0,0,0,0,0,0,0,0,0,0,0,0
1600000US5318055,5318055,"Dixie CDP, Washington",0,0,0,0,0,0,0,0,0,0,0,0,0,0,0
1600000US5318195,5318195,"Dollar Corner CDP, Washington",0,0,0,0,0,0,0,0,0,0,0,0,0,0,0
1600000US5318965,5318965,"DuPont city, Washington",0,0,0,0,0,0,0,0,0,0,0,0,0,0,0
1600000US5319035,5319035,"Duvall city, Washington",29,0,0,0,0,0,0,0,0,0,0,0,29,29,0
1600000US5319290,5319290,"East Cathlamet CDP, Washington",0,0,0,0,0,0,0,0,0,0,0,0,0,0,0
1600000US5319420,5319420,"Eastgate CDP, Washington",0,0,0,0,0,0,0,0,0,0,0,0,0,0,0
1600000US5319515,5319515,"East Hill-Meridian CDP, Washington",353,245,60,107,0,0,0,107,78,0,78,0,108,39,69
1600000US5319700,5319700,"Easton CDP, Washington",0,0,0,0,0,0,0,0,0,0,0,0,0,0,0
1600000US5319770,5319770,"East Port Orchard CDP, Washington",71,71,0,0,0,0,0,0,71,0,46,25,0,0,0
1600000US5319857,5319857,"East Renton Highlands CDP, Washington",12,12,7,5,0,0,0,5,0,0,0,0,0,0,0
1600000US5320155,5320155,"East Wenatchee city, Washington",14,14,11,3,0,0,0,3,0,0,0,0,0,0,0
1600000US5320190,5320190,"East Wenatchee Bench CDP, Washington",14,14,12,2,0,0,0,2,0,0,0,0,0,0,0
1600000US5320260,5320260,"Eatonville town, Washington",2,2,0,2,0,0,0,2,0,0,0,0,0,0,0
1600000US5320417,5320417,"Echo Lake CDP, Washington",13,13,7,6,0,0,0,6,0,0,0,0,0,0,0
1600000US5320645,5320645,"Edgewood city, Washington",66,44,9,24,0,0,14,10,11,0,11,0,22,9,13
1600000US5320680,5320680,"Edison CDP, Washington",0,0,0,0,0,0,0,0,0,0,0,0,0,0,0
1600000US5320750,5320750,"Edmonds city, Washington",153,111,47,40,0,0,0,40,24,0,13,11,42,7,35
1600000US5320890,5320890,"Elbe CDP, Washington",0,0,0,0,0,0,0,0,0,0,0,0,0,0,0
1600000US5321030,5321030,"Electric City town, Washington",0,0,0,0,0,0,0,0,0,0,0,0,0,0,0
1600000US5321205,5321205,"Elk Plain CDP, Washington",218,216,44,28,0,0,0,28,144,0,144,0,2,2,0
1600000US5321240,5321240,"Ellensburg city, Washington",115,98,29,29,0,0,0,29,40,0,40,0,17,17,0
1600000US5321450,5321450,"Elma city, Washington",0,0,0,0,0,0,0,0,0,0,0,0,0,0,0
1600000US5321485,5321485,"Elmer City town, Washington",0,0,0,0,0,0,0,0,0,0,0,0,0,0,0
1600000US5321730,5321730,"Endicott town, Washington",0,0,0,0,0,0,0,0,0,0,0,0,0,0,0
1600000US5322010,5322010,"Entiat city, Washington",0,0,0,0,0,0,0,0,0,0,0,0,0,0,0
1600000US5322045,5322045,"Enumclaw city, Washington",0,0,0,0,0,0,0,0,0,0,0,0,0,0,0
1600000US5322080,5322080,"Ephrata city, Washington",8,8,0,8,0,0,0,8,0,0,0,0,0,0,0
1600000US5322118,5322118,"Erlands Point-Kitsap Lake CDP, Washington",0,0,0,0,0,0,0,0,0,0,0,0,0,0,0
1600000US5322150,5322150,"Eschbach CDP, Washington",0,0,0,0,0,0,0,0,0,0,0,0,0,0,0
1600000US5322255,5322255,"Esperance CDP, Washington",0,0,0,0,0,0,0,0,0,0,0,0,0,0,0
1600000US5322640,5322640,"Everett city, Washington",243,161,63,84,0,5,13,66,14,0,14,0,82,0,82
1600000US5322745,5322745,"Everson city, Washington",0,0,0,0,0,0,0,0,0,0,0,0,0,0,0
1600000US5322955,5322955,"Fairchild AFB CDP, Washington",30,25,0,25,0,0,0,25,0,0,0,0,5,5,0
1600000US5322990,5322990,"Fairfield town, Washington",0,0,0,0,0,0,0,0,0,0,0,0,0,0,0
1600000US5323165,5323165,"Fairwood CDP, Washington",19,19,0,19,0,0,0,19,0,0,0,0,0,0,0
1600000US5323200,5323200,"Fall City CDP, Washington",0,0,0,0,0,0,0,0,0,0,0,0,0,0,0
1600000US5323340,5323340,"Farmington town, Washington",0,0,0,0,0,0,0,0,0,0,0,0,0,0,0
1600000US5323515,5323515,"Federal Way city, Washington",895,580,260,230,0,0,10,220,90,0,86,4,315,194,121
1600000US5323550,5323550,"Felida CDP, Washington",8,8,0,8,0,0,0,8,0,0,0,0,0,0,0
1600000US5323620,5323620,"Ferndale city, Washington",0,0,0,0,0,0,0,0,0,0,0,0,0,0,0
1600000US5323795,5323795,"Fife city, Washington",69,58,19,18,0,0,0,18,21,0,21,0,11,3,8
1600000US5323865,5323865,"Finley CDP, Washington",26,26,9,17,0,0,9,8,0,0,0,0,0,0,0
1600000US5323970,5323970,"Fircrest city, Washington",0,0,0,0,0,0,0,0,0,0,0,0,0,0,0
1600000US5324188,5324188,"Five Corners CDP, Washington",11,11,0,11,0,0,0,11,0,0,0,0,0,0,0
1600000US5324565,5324565,"Fords Prairie CDP, Washington",4,4,0,4,0,0,0,4,0,0,0,0,0,0,0
1600000US5324810,5324810,"Forks city, Washington",0,0,0,0,0,0,0,0,0,0,0,0,0,0,0
1600000US5324915,5324915,"Fort Lewis CDP, Washington",317,254,11,57,0,7,21,29,186,0,183,3,63,40,23
1600000US5325370,5325370,"Fox Island CDP, Washington",0,0,0,0,0,0,0,0,0,0,0,0,0,0,0
1600000US5325475,5325475,"Frederickson CDP, Washington",0,0,0,0,0,0,0,0,0,0,0,0,0,0,0
1600000US5325510,5325510,"Freeland CDP, Washington",0,0,0,0,0,0,0,0,0,0,0,0,0,0,0
1600000US5325615,5325615,"Friday Harbor town, Washington",0,0,0,0,0,0,0,0,0,0,0,0,0,0,0
1600000US5326140,5326140,"Garfield town, Washington",0,0,0,0,0,0,0,0,0,0,0,0,0,0,0
1600000US5326245,5326245,"Garrett CDP, Washington",0,0,0,0,0,0,0,0,0,0,0,0,0,0,0
1600000US5326420,5326420,"Geneva CDP, Washington",0,0,0,0,0,0,0,0,0,0,0,0,0,0,0
1600000US5326455,5326455,"George city, Washington",0,0,0,0,0,0,0,0,0,0,0,0,0,0,0
1600000US5326735,5326735,"Gig Harbor city, Washington",59,53,34,6,0,0,0,6,13,0,13,0,6,0,6
1600000US5326875,5326875,"Glacier CDP, Washington",0,0,0,0,0,0,0,0,0,0,0,0,0,0,0
1600000US5326945,5326945,"Gleed CDP, Washington",0,0,0,0,0,0,0,0,0,0,0,0,0,0,0
1600000US5327365,5327365,"Gold Bar city, Washington",0,0,0,0,0,0,0,0,0,0,0,0,0,0,0
1600000US5327435,5327435,"Goldendale city, Washington",29,29,7,22,0,0,0,22,0,0,0,0,0,0,0
1600000US5327785,5327785,"Graham CDP, Washington",0,0,0,0,0,0,0,0,0,0,0,0,0,0,0
1600000US5327855,5327855,"Grand Coulee city, Washington",0,0,0,0,0,0,0,0,0,0,0,0,0,0,0
1600000US5327890,5327890,"Grand Mound CDP, Washington",60,60,0,10,0,0,0,10,50,0,50,0,0,0,0
1600000US5327925,5327925,"Grandview city, Washington",0,0,0,0,0,0,0,0,0,0,0,0,0,0,0
1600000US5327960,5327960,"Granger town, Washington",0,0,0,0,0,0,0,0,0,0,0,0,0,0,0
1600000US5327995,5327995,"Granite Falls city, Washington",5,5,0,5,0,0,0,5,0,0,0,0,0,0,0
1600000US5328345,5328345,"Grayland CDP, Washington",14,14,14,0,0,0,0,0,0,0,0,0,0,0,0
1600000US5328520,5328520,"Green Acres CDP, Washington",8,8,0,0,0,0,0,0,8,0,8,0,0,0,0
1600000US5328695,5328695,"Greenwater CDP, Washington",0,0,0,0,0,0,0,0,0,0,0,0,0,0,0
1600000US5329255,5329255,"Hamilton town, Washington",0,0,0,0,0,0,0,0,0,0,0,0,0,0,0
1600000US5329710,5329710,"Harrah town, Washington",0,0,0,0,0,0,0,0,0,0,0,0,0,0,0
1600000US5329745,5329745,"Harrington city, Washington",0,0,0,0,0,0,0,0,0,0,0,0,0,0,0
1600000US5329920,5329920,"Hartline town, Washington",0,0,0,0,0,0,0,0,0,0,0,0,0,0,0
1600000US5330060,5330060,"Hatton town, Washington",0,0,0,0,0,0,0,0,0,0,0,0,0,0,0
1600000US5330312,5330312,"Hazel Dell North CDP, Washington",75,75,11,8,0,0,0,8,56,0,56,0,0,0,0
1600000US5330313,5330313,"Hazel Dell South CDP, Washington",4,4,4,0,0,0,0,0,0,0,0,0,0,0,0
1600000US5330775,5330775,"Highland CDP, Washington",0,0,0,0,0,0,0,0,0,0,0,0,0,0,0
1600000US5331495,5331495,"Hobart CDP, Washington",47,7,0,0,0,0,0,0,7,0,0,7,40,40,0
1600000US5331530,5331530,"Hockinson CDP, Washington",0,0,0,0,0,0,0,0,0,0,0,0,0,0,0
1600000US5332300,5332300,"Hoquiam city, Washington",9,9,0,0,0,0,0,0,9,0,9,0,0,0,0
1600000US5332650,5332650,"Humptulips CDP, Washington",0,0,0,0,0,0,0,0,0,0,0,0,0,0,0
1600000US5332755,5332755,"Hunts Point town, Washington",0,0,0,0,0,0,0,0,0,0,0,0,0,0,0
1600000US5333000,5333000,"Ilwaco city, Washington",0,0,0,0,0,0,0,0,0,0,0,0,0,0,0
1600000US5333105,5333105,"Inchelium CDP, Washington",0,0,0,0,0,0,0,0,0,0,0,0,0,0,0
1600000US5333175,5333175,"Index town, Washington",0,0,0,0,0,0,0,0,0,0,0,0,0,0,0
1600000US5333280,5333280,"Indianola CDP, Washington",8,6,0,1,0,0,0,1,5,0,5,0,2,0,2
1600000US5333380,5333380,"Inglewood-Finn Hill CDP, Washington",9,9,2,7,0,0,0,7,0,0,0,0,0,0,0
1600000US5333560,5333560,"Ione town, Washington",0,0,0,0,0,0,0,0,0,0,0,0,0,0,0
1600000US5333805,5333805,"Issaquah city, Washington",0,0,0,0,0,0,0,0,0,0,0,0,0,0,0
1600000US5334220,5334220,"John Sam Lake CDP, Washington",0,0,0,0,0,0,0,0,0,0,0,0,0,0,0
1600000US5334277,5334277,"Jordan Road-Canyon Creek CDP, Washington",8,8,0,8,0,0,0,8,0,0,0,0,0,0,0
1600000US5334470,5334470,"Junction City CDP, Washington",0,0,0,0,0,0,0,0,0,0,0,0,0,0,0
1600000US5334575,5334575,"Kahlotus city, Washington",0,0,0,0,0,0,0,0,0,0,0,0,0,0,0
1600000US5334645,5334645,"Kalama city, Washington",1,1,1,0,0,0,0,0,0,0,0,0,0,0,0
1600000US5335065,5335065,"Kelso city, Washington",36,31,8,23,0,0,0,23,0,0,0,0,5,5,0
1600000US5335135,5335135,"Kendall CDP, Washington",0,0,0,0,0,0,0,0,0,0,0,0,0,0,0
1600000US5335170,5335170,"Kenmore city, Washington",102,102,68,34,12,0,0,22,0,0,0,0,0,0,0
1600000US5335275,5335275,"Kennewick city, Washington",80,80,16,48,6,0,0,42,16,0,16,0,0,0,0
1600000US5335415,5335415,"Kent city, Washington",258,197,89,99,8,0,21,70,9,0,9,0,61,27,34
1600000US5335485,5335485,"Kettle Falls city, Washington",0,0,0,0,0,0,0,0,0,0,0,0,0,0,0
1600000US5335835,5335835,"Kingsgate CDP, Washington",91,74,65,0,0,0,0,0,9,0,9,0,17,17,0
1600000US5335870,5335870,"Kingston CDP, Washington",0,0,0,0,0,0,0,0,0,0,0,0,0,0,0
1600000US5335940,5335940,"Kirkland city, Washington",76,62,16,31,0,0,0,31,15,0,15,0,14,0,14
1600000US5336045,5336045,"Kittitas city, Washington",0,0,0,0,0,0,0,0,0,0,0,0,0,0,0
1600000US5336115,5336115,"Klickitat CDP, Washington",0,0,0,0,0,0,0,0,0,0,0,0,0,0,0
1600000US5336395,5336395,"Krupp town, Washington",0,0,0,0,0,0,0,0,0,0,0,0,0,0,0
1600000US5336710,5336710,"La Center city, Washington",0,0,0,0,0,0,0,0,0,0,0,0,0,0,0
1600000US5336745,5336745,"Lacey city, Washington",349,343,39,162,23,8,22,109,142,0,122,20,6,0,6
1600000US5336780,5336780,"La Conner town, Washington",0,0,0,0,0,0,0,0,0,0,0,0,0,0,0
1600000US5336850,5336850,"La Crosse town, Washington",0,0,0,0,0,0,0,0,0,0,0,0,0,0,0
1600000US5337077,5337077,"Lake Bosworth CDP, Washington",0,0,0,0,0,0,0,0,0,0,0,0,0,0,0
1600000US5337105,5337105,"Lake Cavanaugh CDP, Washington",0,0,0,0,0,0,0,0,0,0,0,0,0,0,0
1600000US5337270,5337270,"Lake Forest Park city, Washington",68,53,12,30,0,8,0,22,11,0,11,0,15,9,6
1600000US5337287,5337287,"Lake Goodwin CDP, Washington",4,4,0,4,0,0,0,4,0,0,0,0,0,0,0
1600000US5337415,5337415,"Lake Ketchum CDP, Washington",0,0,0,0,0,0,0,0,0,0,0,0,0,0,0
1600000US5337420,5337420,"Lakeland North CDP, Washington",109,109,48,24,0,0,0,24,37,0,37,0,0,0,0
1600000US5337430,5337430,"Lakeland South CDP, Washington",65,44,21,17,0,0,0,17,6,0,6,0,21,0,21
1600000US5337526,5337526,"Lake McMurray CDP, Washington",0,0,0,0,0,0,0,0,0,0,0,0,0,0,0
1600000US5337538,5337538,"Lake Marcel-Stillwater CDP, Washington",0,0,0,0,0,0,0,0,0,0,0,0,0,0,0
1600000US5337567,5337567,"Lake Morton-Berrydale CDP, Washington",9,9,0,9,0,0,0,9,0,0,0,0,0,0,0
1600000US5337672,5337672,"Lake Roesiger CDP, Washington",0,0,0,0,0,0,0,0,0,0,0,0,0,0,0
1600000US5337830,5337830,"Lake Shore CDP, Washington",7,7,0,7,0,0,0,7,0,0,0,0,0,0,0
1600000US5337900,5337900,"Lake Stevens city, Washington",0,0,0,0,0,0,0,0,0,0,0,0,0,0,0
1600000US5337926,5337926,"Lakeview CDP, Washington",0,0,0,0,0,0,0,0,0,0,0,0,0,0,0
1600000US5338038,5338038,"Lakewood city, Washington",746,640,135,252,0,8,55,189,253,0,242,11,106,86,20
1600000US5338215,5338215,"Lamont town, Washington",0,0,0,0,0,0,0,0,0,0,0,0,0,0,0
1600000US5338355,5338355,"Langley city, Washington",0,0,0,0,0,0,0,0,0,0,0,0,0,0,0
1600000US5338495,5338495,"Latah town, Washington",0,0,0,0,0,0,0,0,0,0,0,0,0,0,0
1600000US5338815,5338815,"Lea Hill CDP, Washington",0,0,0,0,0,0,0,0,0,0,0,0,0,0,0
1600000US5338845,5338845,"Leavenworth city, Washington",0,0,0,0,0,0,0,0,0,0,0,0,0,0,0
1600000US5338880,5338880,"Lebam CDP, Washington",0,0,0,0,0,0,0,0,0,0,0,0,0,0,0
1600000US5339212,5339212,"Lewisville CDP, Washington",0,0,0,0,0,0,0,0,0,0,0,0,0,0,0
1600000US5339335,5339335,"Liberty Lake CDP, Washington",0,0,0,0,0,0,0,0,0,0,0,0,0,0,0
1600000US5339510,5339510,"Lind town, Washington",0,0,0,0,0,0,0,0,0,0,0,0,0,0,0
1600000US5339860,5339860,"Lochsloy CDP, Washington",30,17,12,5,0,0,0,5,0,0,0,0,13,0,13
1600000US5340070,5340070,"Long Beach city, Washington",0,0,0,0,0,0,0,0,0,0,0,0,0,0,0
1600000US5340245,5340245,"Longview city, Washington",37,37,13,24,0,0,0,24,0,0,0,0,0,0,0
1600000US5340270,5340270,"Longview Heights CDP, Washington",39,39,29,10,0,0,0,10,0,0,0,0,0,0,0
1600000US5340735,5340735,"Lyle CDP, Washington",0,0,0,0,0,0,0,0,0,0,0,0,0,0,0
1600000US5340770,5340770,"Lyman town, Washington",0,0,0,0,0,0,0,0,0,0,0,0,0,0,0
1600000US5340805,5340805,"Lynden city, Washington",8,8,0,8,0,0,0,8,0,0,0,0,0,0,0
1600000US5340840,5340840,"Lynnwood city, Washington",172,137,57,39,0,0,0,39,41,0,41,0,35,6,29
1600000US5340980,5340980,"Mabton city, Washington",0,0,0,0,0,0,0,0,0,0,0,0,0,0,0
1600000US5341155,5341155,"McChord AFB CDP, Washington",11,11,0,7,0,0,0,7,4,0,4,0,0,0,0
1600000US5341225,5341225,"McCleary city, Washington",2,2,0,2,0,0,0,2,0,0,0,0,0,0,0
1600000US5341470,5341470,"Machias CDP, Washington",0,0,0,0,0,0,0,0,0,0,0,0,0,0,0
1600000US5342275,5342275,"Malden town, Washington",0,0,0,0,0,0,0,0,0,0,0,0,0,0,0
1600000US5342355,5342355,"Malone-Porter CDP, Washington",4,4,0,4,0,0,0,4,0,0,0,0,0,0,0
1600000US5342415,5342415,"Maltby CDP, Washington",10,10,0,10,0,5,0,5,0,0,0,0,0,0,0
1600000US5342450,5342450,"Manchester CDP, Washington",81,81,68,13,0,0,0,13,0,0,0,0,0,0,0
1600000US5342800,5342800,"Mansfield town, Washington",0,0,0,0,0,0,0,0,0,0,0,0,0,0,0
1600000US5343010,5343010,"Maple Falls CDP, Washington",0,0,0,0,0,0,0,0,0,0,0,0,0,0,0
1600000US5343062,5343062,"Maple Heights-Lake Desire CDP, Washington",0,0,0,0,0,0,0,0,0,0,0,0,0,0,0
1600000US5343150,5343150,"Maple Valley city, Washington",20,12,0,12,0,0,0,12,0,0,0,0,8,0,8
1600000US5343325,5343325,"Marblemount CDP, Washington",0,0,0,0,0,0,0,0,0,0,0,0,0,0,0
1600000US5343395,5343395,"Marcus town, Washington",0,0,0,0,0,0,0,0,0,0,0,0,0,0,0
1600000US5343491,5343491,"Marietta-Alderwood CDP, Washington",16,16,8,8,0,0,0,8,0,0,0,0,0,0,0
1600000US5343640,5343640,"Markham CDP, Washington",0,0,0,0,0,0,0,0,0,0,0,0,0,0,0
1600000US5343762,5343762,"Marrowstone CDP, Washington",0,0,0,0,0,0,0,0,0,0,0,0,0,0,0
1600000US5343815,5343815,"Martha Lake CDP, Washington",0,0,0,0,0,0,0,0,0,0,0,0,0,0,0
1600000US5343885,5343885,"Maryhill CDP, Washington",0,0,0,0,0,0,0,0,0,0,0,0,0,0,0
1600000US5343955,5343955,"Marysville city, Washington",23,23,0,15,0,0,0,15,8,0,8,0,0,0,0
1600000US5344165,5344165,"Mattawa town, Washington",0,0,0,0,0,0,0,0,0,0,0,0,0,0,0
1600000US5344260,5344260,"May Creek CDP, Washington",0,0,0,0,0,0,0,0,0,0,0,0,0,0,0
1600000US5344620,5344620,"Meadow Glade CDP, Washington",0,0,0,0,0,0,0,0,0,0,0,0,0,0,0
1600000US5344690,5344690,"Medical Lake city, Washington",13,13,4,9,0,4,0,5,0,0,0,0,0,0,0
1600000US5344725,5344725,"Medina city, Washington",0,0,0,0,0,0,0,0,0,0,0,0,0,0,0
1600000US5345005,5345005,"Mercer Island city, Washington",27,27,0,11,0,0,8,3,16,0,16,0,0,0,0
1600000US5345180,5345180,"Mesa city, Washington",0,0,0,0,0,0,0,0,0,0,0,0,0,0,0
1600000US5345285,5345285,"Metaline town, Washington",0,0,0,0,0,0,0,0,0,0,0,0,0,0,0
1600000US5345320,5345320,"Metaline Falls town, Washington",0,0,0,0,0,0,0,0,0,0,0,0,0,0,0
1600000US5345495,5345495,"Midland CDP, Washington",107,79,9,70,0,0,0,70,0,0,0,0,28,28,0
1600000US5345865,5345865,"Mill Creek city, Washington",34,34,0,19,0,0,0,19,15,0,15,0,0,0,0
1600000US5345915,5345915,"Mill Plain CDP, Washington",0,0,0,0,0,0,0,0,0,0,0,0,0,0,0
1600000US5345985,5345985,"Millwood town, Washington",0,0,0,0,0,0,0,0,0,0,0,0,0,0,0
1600000US5346020,5346020,"Milton city, Washington",12,12,0,12,0,0,0,12,0,0,0,0,0,0,0
1600000US5346125,5346125,"Minnehaha CDP, Washington",7,7,0,7,0,0,0,7,0,0,0,0,0,0,0
1600000US5346215,5346215,"Mirrormont CDP, Washington",10,10,0,5,0,0,0,5,5,0,5,0,0,0,0
1600000US5346405,5346405,"Moclips CDP, Washington",0,0,0,0,0,0,0,0,0,0,0,0,0,0,0
1600000US5346685,5346685,"Monroe city, Washington",23,17,0,17,0,0,0,17,0,0,0,0,6,6,0
1600000US5346895,5346895,"Montesano city, Washington",23,23,0,23,0,0,0,23,0,0,0,0,0,0,0
1600000US5347175,5347175,"Morton city, Washington",0,0,0,0,0,0,0,0,0,0,0,0,0,0,0
1600000US5347245,5347245,"Moses Lake city, Washington",0,0,0,0,0,0,0,0,0,0,0,0,0,0,0
1600000US5347280,5347280,"Moses Lake North CDP, Washington",0,0,0,0,0,0,0,0,0,0,0,0,0,0,0
1600000US5347315,5347315,"Mossyrock city, Washington",0,0,0,0,0,0,0,0,0,0,0,0,0,0,0
1600000US5347490,5347490,"Mountlake Terrace city, Washington",30,30,7,17,0,0,0,17,6,0,6,0,0,0,0
1600000US5347560,5347560,"Mount Vernon city, Washington",40,40,16,24,0,0,9,15,0,0,0,0,0,0,0
1600000US5347630,5347630,"Mount Vista CDP, Washington",13,0,0,0,0,0,0,0,0,0,0,0,13,13,0
1600000US5347665,5347665,"Moxee city, Washington",0,0,0,0,0,0,0,0,0,0,0,0,0,0,0
1600000US5347735,5347735,"Mukilteo city, Washington",31,31,31,0,0,0,0,0,0,0,0,0,0,0,0
1600000US5347805,5347805,"Naches town, Washington",0,0,0,0,0,0,0,0,0,0,0,0,0,0,0
1600000US5347980,5347980,"Napavine city, Washington",0,0,0,0,0,0,0,0,0,0,0,0,0,0,0
1600000US5348015,5348015,"Naselle CDP, Washington",0,0,0,0,0,0,0,0,0,0,0,0,0,0,0
1600000US5348225,5348225,"Navy Yard City CDP, Washington",54,54,0,54,0,0,0,54,0,0,0,0,0,0,0
1600000US5348295,5348295,"Neah Bay CDP, Washington",7,7,2,5,0,0,0,5,0,0,0,0,0,0,0
1600000US5348330,5348330,"Neilton CDP, Washington",0,0,0,0,0,0,0,0,0,0,0,0,0,0,0
1600000US5348540,5348540,"Nespelem town, Washington",3,3,0,3,0,0,0,3,0,0,0,0,0,0,0
1600000US5348550,5348550,"Nespelem Community CDP, Washington",0,0,0,0,0,0,0,0,0,0,0,0,0,0,0
1600000US5348645,5348645,"Newcastle city, Washington",0,0,0,0,0,0,0,0,0,0,0,0,0,0,0
1600000US5348820,5348820,"Newport city, Washington",7,7,2,5,0,0,0,5,0,0,0,0,0,0,0
1600000US5349193,5349193,"Nisqually Indian Community CDP, Washington",18,18,2,12,0,0,0,12,4,0,4,0,0,0,0
1600000US5349275,5349275,"Nooksack city, Washington",0,0,0,0,0,0,0,0,0,0,0,0,0,0,0
1600000US5349415,5349415,"Normandy Park city, Washington",16,16,0,16,0,0,0,16,0,0,0,0,0,0,0
1600000US5349485,5349485,"North Bend city, Washington",0,0,0,0,0,0,0,0,0,0,0,0,0,0,0
1600000US5349555,5349555,"North Bonneville city, Washington",0,0,0,0,0,0,0,0,0,0,0,0,0,0,0
1600000US5349665,5349665,"North Creek CDP, Washington",0,0,0,0,0,0,0,0,0,0,0,0,0,0,0
1600000US5349992,5349992,"North Marysville CDP, Washington",23,23,11,12,0,5,0,7,0,0,0,0,0,0,0
1600000US5350007,5350007,"North Omak CDP, Washington",0,0,0,0,0,0,0,0,0,0,0,0,0,0,0
1600000US5350045,5350045,"Northport town, Washington",0,0,0,0,0,0,0,0,0,0,0,0,0,0,0
1600000US5350175,5350175,"North Stanwood CDP, Washington",0,0,0,0,0,0,0,0,0,0,0,0,0,0,0
1600000US5350183,5350183,"North Sultan CDP, Washington",0,0,0,0,0,0,0,0,0,0,0,0,0,0,0
1600000US5350191,5350191,"Northwest Snohomish CDP, Washington",0,0,0,0,0,0,0,0,0,0,0,0,0,0,0
1600000US5350210,5350210,"North Yelm CDP, Washington",71,71,0,11,0,0,4,7,60,0,60,0,0,0,0
1600000US5350325,5350325,"Oakesdale town, Washington",0,0,0,0,0,0,0,0,0,0,0,0,0,0,0
1600000US5350360,5350360,"Oak Harbor city, Washington",145,145,12,77,4,0,10,63,56,0,49,7,0,0,0
1600000US5350430,5350430,"Oakville city, Washington",7,7,3,2,0,0,0,2,2,0,2,0,0,0,0
1600000US5350500,5350500,"Ocean City CDP, Washington",0,0,0,0,0,0,0,0,0,0,0,0,0,0,0
1600000US5350535,5350535,"Ocean Park CDP, Washington",0,0,0,0,0,0,0,0,0,0,0,0,0,0,0
1600000US5350570,5350570,"Ocean Shores city, Washington",0,0,0,0,0,0,0,0,0,0,0,0,0,0,0
1600000US5350745,5350745,"Odessa town, Washington",0,0,0,0,0,0,0,0,0,0,0,0,0,0,0
1600000US5350920,5350920,"Okanogan city, Washington",0,0,0,0,0,0,0,0,0,0,0,0,0,0,0
1600000US5351300,5351300,"Olympia city, Washington",97,97,7,69,7,0,13,49,21,0,21,0,0,0,0
1600000US5351340,5351340,"Omak city, Washington",0,0,0,0,0,0,0,0,0,0,0,0,0,0,0
1600000US5351515,5351515,"Opportunity CDP, Washington",65,56,9,23,0,0,0,23,24,0,24,0,9,9,0
1600000US5351795,5351795,"Orchards CDP, Washington",57,44,22,22,0,0,0,22,0,0,0,0,13,13,0
1600000US5351970,5351970,"Oroville city, Washington",13,13,0,13,0,0,0,13,0,0,0,0,0,0,0
1600000US5352005,5352005,"Orting city, Washington",0,0,0,0,0,0,0,0,0,0,0,0,0,0,0
1600000US5352110,5352110,"Oso CDP, Washington",0,0,0,0,0,0,0,0,0,0,0,0,0,0,0
1600000US5352215,5352215,"Othello city, Washington",0,0,0,0,0,0,0,0,0,0,0,0,0,0,0
1600000US5352267,5352267,"Otis Orchards-East Farms CDP, Washington",0,0,0,0,0,0,0,0,0,0,0,0,0,0,0
1600000US5352380,5352380,"Oyehut-Hogans Corner CDP, Washington",0,0,0,0,0,0,0,0,0,0,0,0,0,0,0
1600000US5352495,5352495,"Pacific city, Washington",0,0,0,0,0,0,0,0,0,0,0,0,0,0,0
1600000US5352765,5352765,"Paine Field-Lake Stickney CDP, Washington",128,101,57,44,0,0,0,44,0,0,0,0,27,0,27
1600000US5352950,5352950,"Palouse city, Washington",0,0,0,0,0,0,0,0,0,0,0,0,0,0,0
1600000US5353335,5353335,"Parkland CDP, Washington",415,399,133,114,11,11,30,62,152,0,152,0,16,8,8
1600000US5353440,5353440,"Parkwood CDP, Washington",14,14,7,0,0,0,0,0,7,0,7,0,0,0,0
1600000US5353545,5353545,"Pasco city, Washington",18,18,0,18,0,0,0,18,0,0,0,0,0,0,0
1600000US5353720,5353720,"Pateros city, Washington",0,0,0,0,0,0,0,0,0,0,0,0,0,0,0
1600000US5353800,5353800,"Peaceful Valley CDP, Washington",0,0,0,0,0,0,0,0,0,0,0,0,0,0,0
1600000US5353930,5353930,"Pe Ell town, Washington",0,0,0,0,0,0,0,0,0,0,0,0,0,0,0
1600000US5354215,5354215,"Picnic Point-North Lynnwood CDP, Washington",65,54,30,14,0,0,0,14,10,0,10,0,11,0,11
1600000US5355120,5355120,"Pomeroy city, Washington",2,2,2,0,0,0,0,0,0,0,0,0,0,0,0
1600000US5355365,5355365,"Port Angeles city, Washington",21,3,3,0,0,0,0,0,0,0,0,0,18,0,18
1600000US5355400,5355400,"Port Angeles East CDP, Washington",0,0,0,0,0,0,0,0,0,0,0,0,0,0,0
1600000US5355620,5355620,"Port Hadlock-Irondale CDP, Washington",5,5,5,0,0,0,0,0,0,0,0,0,0,0,0
1600000US5355645,5355645,"Port Ludlow CDP, Washington",0,0,0,0,0,0,0,0,0,0,0,0,0,0,0
1600000US5355785,5355785,"Port Orchard city, Washington",29,29,0,11,0,0,0,11,18,0,18,0,0,0,0
1600000US5355855,5355855,"Port Townsend city, Washington",0,0,0,0,0,0,0,0,0,0,0,0,0,0,0
1600000US5355995,5355995,"Poulsbo city, Washington",81,81,34,19,0,0,0,19,28,0,28,0,0,0,0
1600000US5356170,5356170,"Prairie Ridge CDP, Washington",10,10,0,10,0,0,0,10,0,0,0,0,0,0,0
1600000US5356240,5356240,"Prescott town, Washington",0,0,0,0,0,0,0,0,0,0,0,0,0,0,0
1600000US5356304,5356304,"Priest Point CDP, Washington",0,0,0,0,0,0,0,0,0,0,0,0,0,0,0
1600000US5356450,5356450,"Prosser city, Washington",0,0,0,0,0,0,0,0,0,0,0,0,0,0,0
1600000US5356625,5356625,"Pullman city, Washington",101,92,27,45,0,0,0,45,20,0,20,0,9,0,9
1600000US5356695,5356695,"Puyallup city, Washington",186,170,54,37,0,0,4,33,79,0,70,9,16,8,8
1600000US5356975,5356975,"Quilcene CDP, Washington",4,4,2,2,2,0,0,0,0,0,0,0,0,0,0
1600000US5357115,5357115,"Quincy city, Washington",0,0,0,0,0,0,0,0,0,0,0,0,0,0,0
1600000US5357220,5357220,"Rainier town, Washington",10,10,5,5,0,0,0,5,0,0,0,0,0,0,0
1600000US5357395,5357395,"Ravensdale CDP, Washington",0,0,0,0,0,0,0,0,0,0,0,0,0,0,0
1600000US5357430,5357430,"Raymond city, Washington",0,0,0,0,0,0,0,0,0,0,0,0,0,0,0
1600000US5357465,5357465,"Reardan town, Washington",10,7,7,0,0,0,0,0,0,0,0,0,3,0,3
1600000US5357535,5357535,"Redmond city, Washington",101,101,0,86,0,0,0,86,15,0,15,0,0,0,0
1600000US5357745,5357745,"Renton city, Washington",179,122,66,43,0,0,0,43,13,0,13,0,57,12,45
1600000US5357850,5357850,"Republic city, Washington",0,0,0,0,0,0,0,0,0,0,0,0,0,0,0
1600000US5358235,5358235,"Richland city, Washington",25,25,0,25,0,0,0,25,0,0,0,0,0,0,0
1600000US5358410,5358410,"Ridgefield city, Washington",11,11,4,5,0,0,0,5,2,0,2,0,0,0,0
1600000US5358725,5358725,"Ritzville city, Washington",0,0,0,0,0,0,0,0,0,0,0,0,0,0,0
1600000US5358742,5358742,"Riverbend CDP, Washington",0,0,0,0,0,0,0,0,0,0,0,0,0,0,0
1600000US5358777,5358777,"River Road CDP, Washington",0,0,0,0,0,0,0,0,0,0,0,0,0,0,0
1600000US5358795,5358795,"Riverside town, Washington",0,0,0,0,0,0,0,0,0,0,0,0,0,0,0
1600000US5358878,5358878,"Riverton-Boulevard Park CDP, Washington",115,89,32,46,0,0,0,46,11,0,0,11,26,26,0
1600000US5359110,5359110,"Rochester CDP, Washington",10,10,10,0,0,0,0,0,0,0,0,0,0,0,0
1600000US5359145,5359145,"Rockford town, Washington",0,0,0,0,0,0,0,0,0,0,0,0,0,0,0
1600000US5359180,5359180,"Rock Island city, Washington",0,0,0,0,0,0,0,0,0,0,0,0,0,0,0
1600000US5359250,5359250,"Rockport CDP, Washington",0,0,0,0,0,0,0,0,0,0,0,0,0,0,0
1600000US5359635,5359635,"Ronald CDP, Washington",0,0,0,0,0,0,0,0,0,0,0,0,0,0,0
1600000US5359705,5359705,"Roosevelt CDP, Washington",0,0,0,0,0,0,0,0,0,0,0,0,0,0,0
1600000US5359775,5359775,"Rosalia town, Washington",0,0,0,0,0,0,0,0,0,0,0,0,0,0,0
1600000US5360055,5360055,"Roslyn city, Washington",0,0,0,0,0,0,0,0,0,0,0,0,0,0,0
1600000US5360160,5360160,"Roy city, Washington",0,0,0,0,0,0,0,0,0,0,0,0,0,0,0
1600000US5360230,5360230,"Royal City city, Washington",0,0,0,0,0,0,0,0,0,0,0,0,0,0,0
1600000US5360510,5360510,"Ruston town, Washington",0,0,0,0,0,0,0,0,0,0,0,0,0,0,0
1600000US5360860,5360860,"St. John town, Washington",0,0,0,0,0,0,0,0,0,0,0,0,0,0,0
1600000US5361000,5361000,"Salmon Creek CDP, Washington",27,27,10,17,0,0,0,17,0,0,0,0,0,0,0
1600000US5361115,5361115,"Sammamish city, Washington",58,38,12,26,0,0,0,26,0,0,0,0,20,0,20
1600000US5361350,5361350,"Satsop CDP, Washington",0,0,0,0,0,0,0,0,0,0,0,0,0,0,0
1600000US5361385,5361385,"Satus CDP, Washington",0,0,0,0,0,0,0,0,0,0,0,0,0,0,0
1600000US5362288,5362288,"SeaTac city, Washington",614,446,166,52,0,0,0,52,228,0,228,0,168,56,112
1600000US5363000,5363000,"Seattle city, Washington",2514,2056,636,820,13,68,56,683,600,0,517,83,458,252,206
1600000US5363052,5363052,"Seattle Hill-Silver Firs CDP, Washington",15,7,0,0,0,0,0,0,7,0,7,0,8,8,0
1600000US5363210,5363210,"Sedro-Woolley city, Washington",0,0,0,0,0,0,0,0,0,0,0,0,0,0,0
1600000US5363280,5363280,"Selah city, Washington",0,0,0,0,0,0,0,0,0,0,0,0,0,0,0
1600000US5363385,5363385,"Sequim city, Washington",0,0,0,0,0,0,0,0,0,0,0,0,0,0,0
1600000US5363550,5363550,"Shaker Church CDP, Washington",0,0,0,0,0,0,0,0,0,0,0,0,0,0,0
1600000US5363735,5363735,"Shelton city, Washington",81,74,61,5,0,0,0,5,8,0,8,0,7,7,0
1600000US5363960,5363960,"Shoreline city, Washington",203,72,28,21,0,0,0,21,23,0,23,0,131,27,104
1600000US5364190,5364190,"Silvana CDP, Washington",0,0,0,0,0,0,0,0,0,0,0,0,0,0,0
1600000US5364365,5364365,"Silverdale CDP, Washington",162,137,16,37,0,0,0,37,84,0,72,12,25,25,0
1600000US5364775,5364775,"Skokomish CDP, Washington",3,3,0,0,0,0,0,0,3,0,3,0,0,0,0
1600000US5364855,5364855,"Skykomish town, Washington",0,0,0,0,0,0,0,0,0,0,0,0,0,0,0
1600000US5364995,5364995,"Smokey Point CDP, Washington",35,35,15,20,0,0,0,20,0,0,0,0,0,0,0
1600000US5365170,5365170,"Snohomish city, Washington",0,0,0,0,0,0,0,0,0,0,0,0,0,0,0
1600000US5365205,5365205,"Snoqualmie city, Washington",20,20,0,17,0,0,11,6,3,0,3,0,0,0,0
1600000US5365275,5365275,"Snoqualmie Pass CDP, Washington",5,3,0,3,0,0,0,3,0,0,0,0,2,0,2
1600000US5365345,5365345,"Soap Lake city, Washington",0,0,0,0,0,0,0,0,0,0,0,0,0,0,0
1600000US5365625,5365625,"South Bend city, Washington",0,0,0,0,0,0,0,0,0,0,0,0,0,0,0
1600000US5365765,5365765,"South Cle Elum town, Washington",0,0,0,0,0,0,0,0,0,0,0,0,0,0,0
1600000US5365922,5365922,"South Hill CDP, Washington",51,46,15,22,14,0,0,8,9,0,8,1,5,5,0
1600000US5366045,5366045,"South Prairie town, Washington",0,0,0,0,0,0,0,0,0,0,0,0,0,0,0
1600000US5366185,5366185,"South Wenatchee CDP, Washington",0,0,0,0,0,0,0,0,0,0,0,0,0,0,0
1600000US5366255,5366255,"Spanaway CDP, Washington",578,558,104,135,0,0,15,120,319,0,283,36,20,6,14
1600000US5366290,5366290,"Spangle town, Washington",0,0,0,0,0,0,0,0,0,0,0,0,0,0,0
1600000US5367000,5367000,"Spokane city, Washington",422,354,90,170,0,4,4,162,94,0,77,17,68,40,28
1600000US5367175,5367175,"Sprague city, Washington",0,0,0,0,0,0,0,0,0,0,0,0,0,0,0
1600000US5367210,5367210,"Springdale town, Washington",5,5,3,2,0,2,0,0,0,0,0,0,0,0,0
1600000US5367455,5367455,"Stanwood city, Washington",0,0,0,0,0,0,0,0,0,0,0,0,0,0,0
1600000US5367490,5367490,"Starbuck town, Washington",0,0,0,0,0,0,0,0,0,0,0,0,0,0,0
1600000US5367595,5367595,"Startup CDP, Washington",9,9,9,0,0,0,0,0,0,0,0,0,0,0,0
1600000US5367770,5367770,"Steilacoom town, Washington",0,0,0,0,0,0,0,0,0,0,0,0,0,0,0
1600000US5367875,5367875,"Stevenson city, Washington",0,0,0,0,0,0,0,0,0,0,0,0,0,0,0
1600000US5368025,5368025,"Stimson Crossing CDP, Washington",0,0,0,0,0,0,0,0,0,0,0,0,0,0,0
1600000US5368200,5368200,"Sudden Valley CDP, Washington",0,0,0,0,0,0,0,0,0,0,0,0,0,0,0
1600000US5368260,5368260,"Sultan city, Washington",5,5,0,5,0,0,0,5,0,0,0,0,0,0,0
1600000US5368330,5368330,"Sumas city, Washington",0,0,0,0,0,0,0,0,0,0,0,0,0,0,0
1600000US5368365,5368365,"Summit CDP, Washington",27,27,27,0,0,0,0,0,0,0,0,0,0,0,0
1600000US5368417,5368417,"Summitview CDP, Washington",0,0,0,0,0,0,0,0,0,0,0,0,0,0,0
1600000US5368435,5368435,"Sumner city, Washington",29,29,16,9,0,0,0,9,4,0,4,0,0,0,0
1600000US5368750,5368750,"Sunnyside city, Washington",58,40,40,0,0,0,0,0,0,0,0,0,18,9,9
1600000US5368785,5368785,"Sunnyslope CDP, Washington",0,0,0,0,0,0,0,0,0,0,0,0,0,0,0
1600000US5369170,5369170,"Suquamish CDP, Washington",0,0,0,0,0,0,0,0,0,0,0,0,0,0,0
1600000US5370000,5370000,"Tacoma city, Washington",1347,1154,260,459,12,8,46,393,435,0,410,25,193,88,105
1600000US5370175,5370175,"Taholah CDP, Washington",0,0,0,0,0,0,0,0,0,0,0,0,0,0,0
1600000US5370297,5370297,"Tanglewilde-Thompson Place CDP, Washington",65,65,0,14,7,7,0,0,51,0,44,7,0,0,0
1600000US5370315,5370315,"Tanner CDP, Washington",0,0,0,0,0,0,0,0,0,0,0,0,0,0,0
1600000US5370560,5370560,"Tekoa city, Washington",0,0,0,0,0,0,0,0,0,0,0,0,0,0,0
1600000US5370630,5370630,"Tenino city, Washington",0,0,0,0,0,0,0,0,0,0,0,0,0,0,0
1600000US5370805,5370805,"Terrace Heights CDP, Washington",0,0,0,0,0,0,0,0,0,0,0,0,0,0,0
1600000US5371225,5371225,"Thorp CDP, Washington",0,0,0,0,0,0,0,0,0,0,0,0,0,0,0
1600000US5371330,5371330,"Three Lakes CDP, Washington",0,0,0,0,0,0,0,0,0,0,0,0,0,0,0
1600000US5371400,5371400,"Tieton town, Washington",0,0,0,0,0,0,0,0,0,0,0,0,0,0,0
1600000US5371680,5371680,"Tokeland CDP, Washington",0,0,0,0,0,0,0,0,0,0,0,0,0,0,0
1600000US5371785,5371785,"Toledo city, Washington",0,0,0,0,0,0,0,0,0,0,0,0,0,0,0
1600000US5371890,5371890,"Tonasket city, Washington",0,0,0,0,0,0,0,0,0,0,0,0,0,0,0
1600000US5371960,5371960,"Toppenish city, Washington",0,0,0,0,0,0,0,0,0,0,0,0,0,0,0
1600000US5372030,5372030,"Touchet CDP, Washington",0,0,0,0,0,0,0,0,0,0,0,0,0,0,0
1600000US5372170,5372170,"Town and Country CDP, Washington",0,0,0,0,0,0,0,0,0,0,0,0,0,0,0
1600000US5372205,5372205,"Tracyton CDP, Washington",35,35,6,0,0,0,0,0,29,0,29,0,0,0,0
1600000US5372310,5372310,"Trentwood CDP, Washington",0,0,0,0,0,0,0,0,0,0,0,0,0,0,0
1600000US5372450,5372450,"Trout Lake CDP, Washington",0,0,0,0,0,0,0,0,0,0,0,0,0,0,0
1600000US5372625,5372625,"Tukwila city, Washington",332,180,99,32,0,0,0,32,49,0,37,12,152,45,107
1600000US5372705,5372705,"Tulalip Bay CDP, Washington",0,0,0,0,0,0,0,0,0,0,0,0,0,0,0
1600000US5372905,5372905,"Tumwater city, Washington",82,82,17,22,0,8,0,14,43,0,43,0,0,0,0
1600000US5373080,5373080,"Twisp town, Washington",2,2,0,2,0,0,0,2,0,0,0,0,0,0,0
1600000US5373290,5373290,"Union Gap city, Washington",0,0,0,0,0,0,0,0,0,0,0,0,0,0,0
1600000US5373307,5373307,"Union Hill-Novelty Hill CDP, Washington",0,0,0,0,0,0,0,0,0,0,0,0,0,0,0
1600000US5373360,5373360,"Uniontown town, Washington",0,0,0,0,0,0,0,0,0,0,0,0,0,0,0
1600000US5373465,5373465,"University Place city, Washington",170,122,16,58,0,0,0,58,48,0,43,5,48,14,34
1600000US5373780,5373780,"Vader city, Washington",0,0,0,0,0,0,0,0,0,0,0,0,0,0,0
1600000US5374060,5374060,"Vancouver city, Washington",943,811,137,472,29,0,28,415,202,0,201,1,132,22,110
1600000US5374200,5374200,"Vantage CDP, Washington",0,0,0,0,0,0,0,0,0,0,0,0,0,0,0
1600000US5374305,5374305,"Vashon CDP, Washington",8,8,0,8,0,0,0,8,0,0,0,0,0,0,0
1600000US5374585,5374585,"Venersborg CDP, Washington",13,13,0,0,0,0,0,0,13,0,13,0,0,0,0
1600000US5374725,5374725,"Veradale CDP, Washington",0,0,0,0,0,0,0,0,0,0,0,0,0,0,0
1600000US5374760,5374760,"Verlot CDP, Washington",0,0,0,0,0,0,0,0,0,0,0,0,0,0,0
1600000US5375565,5375565,"Waitsburg city, Washington",2,2,2,0,0,0,0,0,0,0,0,0,0,0,0
1600000US5375775,5375775,"Walla Walla city, Washington",21,21,21,0,0,0,0,0,0,0,0,0,0,0,0
1600000US5375810,5375810,"Walla Walla East CDP, Washington",0,0,0,0,0,0,0,0,0,0,0,0,0,0,0
1600000US5375905,5375905,"Waller CDP, Washington",11,11,8,3,0,0,0,3,0,0,0,0,0,0,0
1600000US5375985,5375985,"Wallula CDP, Washington",0,0,0,0,0,0,0,0,0,0,0,0,0,0,0
1600000US5376055,5376055,"Walnut Grove CDP, Washington",14,14,0,14,0,0,0,14,0,0,0,0,0,0,0
1600000US5376125,5376125,"Wapato city, Washington",0,0,0,0,0,0,0,0,0,0,0,0,0,0,0
1600000US5376160,5376160,"Warden city, Washington",0,0,0,0,0,0,0,0,0,0,0,0,0,0,0
1600000US5376195,5376195,"Warm Beach CDP, Washington",0,0,0,0,0,0,0,0,0,0,0,0,0,0,0
1600000US5376405,5376405,"Washougal city, Washington",13,13,6,0,0,0,0,0,7,0,7,0,0,0,0
1600000US5376440,5376440,"Washtucna town, Washington",0,0,0,0,0,0,0,0,0,0,0,0,0,0,0
1600000US5376510,5376510,"Waterville town, Washington",0,0,0,0,0,0,0,0,0,0,0,0,0,0,0
1600000US5376720,5376720,"Waverly town, Washington",0,0,0,0,0,0,0,0,0,0,0,0,0,0,0
1600000US5376800,5376800,"Weallup Lake CDP, Washington",5,5,0,5,0,0,3,2,0,0,0,0,0,0,0
1600000US5377105,5377105,"Wenatchee city, Washington",12,12,0,12,0,0,0,12,0,0,0,0,0,0,0
1600000US5377297,5377297,"West Clarkston-Highland CDP, Washington",0,0,0,0,0,0,0,0,0,0,0,0,0,0,0
1600000US5377535,5377535,"West Lake Sammamish CDP, Washington",35,9,9,0,0,0,0,0,0,0,0,0,26,0,26
1600000US5377542,5377542,"West Lake Stevens CDP, Washington",13,10,0,7,0,0,7,0,3,0,3,0,3,0,3
1600000US5377547,5377547,"West Longview CDP, Washington",0,0,0,0,0,0,0,0,0,0,0,0,0,0,0
1600000US5377612,5377612,"West Pasco CDP, Washington",0,0,0,0,0,0,0,0,0,0,0,0,0,0,0
1600000US5377630,5377630,"Westport city, Washington",0,0,0,0,0,0,0,0,0,0,0,0,0,0,0
1600000US5377665,5377665,"West Richland city, Washington",7,7,0,0,0,0,0,0,7,0,7,0,0,0,0
1600000US5377745,5377745,"West Side Highway CDP, Washington",8,8,0,0,0,0,0,0,8,0,8,0,0,0,0
1600000US5377885,5377885,"West Valley CDP, Washington",0,0,0,0,0,0,0,0,0,0,0,0,0,0,0
1600000US5377910,5377910,"West Wenatchee CDP, Washington",0,0,0,0,0,0,0,0,0,0,0,0,0,0,0
1600000US5378225,5378225,"White Center CDP, Washington",305,235,72,75,0,0,0,75,88,0,88,0,70,26,44
1600000US5378330,5378330,"White Salmon city, Washington",2,2,0,2,0,0,0,2,0,0,0,0,0,0,0
1600000US5378365,5378365,"White Swan CDP, Washington",0,0,0,0,0,0,0,0,0,0,0,0,0,0,0
1600000US5378680,5378680,"Wilbur town, Washington",3,3,0,3,0,0,0,3,0,0,0,0,0,0,0
1600000US5378925,5378925,"Wilkeson town, Washington",3,3,1,2,0,0,2,0,0,0,0,0,0,0,0
1600000US5379135,5379135,"Wilson Creek town, Washington",0,0,0,0,0,0,0,0,0,0,0,0,0,0,0
1600000US5379275,5379275,"Winlock city, Washington",0,0,0,0,0,0,0,0,0,0,0,0,0,0,0
1600000US5379380,5379380,"Winthrop town, Washington",0,0,0,0,0,0,0,0,0,0,0,0,0,0,0
1600000US5379485,5379485,"Wishram CDP, Washington",0,0,0,0,0,0,0,0,0,0,0,0,0,0,0
1600000US5379590,5379590,"Woodinville city, Washington",7,7,0,7,0,0,0,7,0,0,0,0,0,0,0
1600000US5379625,5379625,"Woodland city, Washington",6,6,0,6,0,0,0,6,0,0,0,0,0,0,0
1600000US5379825,5379825,"Woods Creek CDP, Washington",0,0,0,0,0,0,0,0,0,0,0,0,0,0,0
1600000US5379835,5379835,"Woodway city, Washington",0,0,0,0,0,0,0,0,0,0,0,0,0,0,0
1600000US5379975,5379975,"Yacolt town, Washington",5,5,0,3,0,0,0,3,2,0,2,0,0,0,0
1600000US5380010,5380010,"Yakima city, Washington",70,59,8,36,0,0,0,36,15,0,8,7,11,11,0
1600000US5380150,5380150,"Yarrow Point town, Washington",0,0,0,0,0,0,0,0,0,0,0,0,0,0,0
1600000US5380220,5380220,"Yelm city, Washington",27,27,5,12,0,0,0,12,10,0,10,0,0,0,0
1600000US5380500,5380500,"Zillah city, Washington",0,0,0,0,0,0,0,0,0,0,0,0,0,0,0
